[{"class_name":"Software","name":"gov-matters","tagline":"Interact with your local government","slug":"gov-matters","url":"http://devpost.com/software/gov-matters","members":["joanaz24","zaidhaque"],"tags":["javascript","html","css"],"winner":false,"photo":null,"has_video":false,"like_count":1,"comment_count":0},{"class_name":"Software","name":"BigRedTransit","tagline":"A little more than 14850","slug":"bigredtransit","url":"http://devpost.com/software/bigredtransit","members":["fever324","aaronz9"],"tags":["css","python","javascript","html"],"winner":false,"photo":null,"has_video":false,"like_count":1,"comment_count":0},{"class_name":"Software","name":"QuickPay","tagline":"Direct, instant transfer of money, between any 2 bank accounts in the US, for free!","slug":"quickpay","url":"http://devpost.com/software/quickpay","members":["madhavanharish","devisnigdham","vishalkumkar","saurabh_netra"],"tags":["java","android","android-studio","capital-one","amazon-web-services"],"winner":false,"photo":"https://challengepost-s3-challengepost.netdna-ssl.com/photos/production/software_photos/000/292/962/datas/small.png","has_video":false,"like_count":4,"comment_count":0},{"class_name":"Software","name":"Wayer","tagline":"Smart routing between two coordinates; uses bus info and bus waiting time.","slug":"anoayamari","url":"http://devpost.com/software/anoayamari","members":["alqz","eatingw","flyinbedwsy"],"tags":["python","html","javascript","css","sql"],"winner":false,"photo":null,"has_video":false,"like_count":0,"comment_count":0},{"class_name":"Software","name":"StudyBuddy","tagline":"Find a Study Buddy through our complex algorithm. ","slug":"bigredhacks2015","url":"http://devpost.com/software/bigredhacks2015","members":["guent4","fm363","rohoe","dr436"],"tags":["css","html","java","javascript"],"winner":false,"photo":null,"has_video":false,"like_count":2,"comment_count":0},{"class_name":"Software","name":"Push Yo Website","tagline":"Native push notifications for mobile web applications","slug":"push-yo-website","url":"http://devpost.com/software/push-yo-website","members":["alliemeng","feifan","lucasderraugh"],"tags":["ruby-on-rails","python","swift","amazon-web-services","heroku","amazon-sns","amazon-ec2","amazon-dynamodb"],"winner":false,"photo":"https://firefly-challengepost.netdna-ssl.com/usercontent/fill/242/161/cGhvdG9zL3Byb2R1Y3Rpb24vc29mdHdhcmVfdGh1bWJuYWlsX3Bob3Rvcy8wMDAvMjkyLzk0NS9kYXRhcy9vcmlnaW5hbC5wbmc=/PYW_iPhone_Icon_3x.png?signature=4125ce753ebbb3f8c7c3dfc942b4191ef9fe8e4b","has_video":false,"like_count":0,"comment_count":0},{"class_name":"Software","name":"Flushr","tagline":"The crappiest app you can't live without","slug":"flushr","url":"http://devpost.com/software/flushr","members":["agleis","ruvane3","mbluebbers"],"tags":["html5","javascript","css3"],"winner":false,"photo":"https://challengepost-s3-challengepost.netdna-ssl.com/photos/production/software_photos/000/292/750/datas/small.png","has_video":false,"like_count":0,"comment_count":0},{"class_name":"Software","name":"Whisk","tagline":"An app that encourages people to take adventures. We use SVD+Yelp to Uber you to new places we think you'll like.","slug":"whisk","url":"http://devpost.com/software/whisk","members":["kumail","arnavsood","sunnygakhar"],"tags":["swift","python","flask"],"winner":true,"photo":null,"has_video":false,"like_count":0,"comment_count":0},{"class_name":"Software","name":"make it happen","tagline":"Our platform simplifies the donation process by using Uber.","slug":"make-it-happen-qsoynv","url":"http://devpost.com/software/make-it-happen-qsoynv","members":["janruettinger","mpsrig"],"tags":["ruby-on-rails","javascript","jquery","html5","google-maps","uber"],"winner":false,"photo":null,"has_video":false,"like_count":0,"comment_count":0},{"class_name":"Software","name":"YakPebble","tagline":"Allows you to view and vote on yaks right from your pebble so you don't have to pull out your phone.","slug":"yikyakpebble","url":"http://devpost.com/software/yikyakpebble","members":["gautham523"],"tags":["c","pebble"],"winner":false,"photo":"https://firefly-challengepost.netdna-ssl.com/usercontent/fill/242/161/cGhvdG9zL3Byb2R1Y3Rpb24vc29mdHdhcmVfdGh1bWJuYWlsX3Bob3Rvcy8wMDAvMjkyLzY4OS9kYXRhcy9vcmlnaW5hbC5wbmc=/bw_logo.png?signature=a721a303055c899788cb59f0cb4a98d6a5c57be0","has_video":false,"like_count":0,"comment_count":0},{"class_name":"Software","name":"The Cat","tagline":"An app to access the TCAT bus schedules","slug":"the-cat","url":"http://devpost.com/software/the-cat","members":["eappel"],"tags":["swift","xcode","sketch"],"winner":false,"photo":"https://challengepost-s3-challengepost.netdna-ssl.com/photos/production/software_photos/000/292/681/datas/small.png","has_video":false,"like_count":0,"comment_count":0},{"class_name":"Software","name":"What the Hack","tagline":"A project for visualizing Capital One's API \"Nessie\"","slug":"what-the-hack","url":"http://devpost.com/software/what-the-hack","members":["jaredvargason","jasoncarr","danielfayad","mimanshu"],"tags":["python","flask","mongodb","html5","jquery","javascript","css3","node.js"],"winner":false,"photo":"https://firefly-challengepost.netdna-ssl.com/usercontent/fill/242/161/cGhvdG9zL3Byb2R1Y3Rpb24vc29mdHdhcmVfdGh1bWJuYWlsX3Bob3Rvcy8wMDAvMjkyLzc1NS9kYXRhcy9vcmlnaW5hbC5wbmc=/nessie-logo.png?signature=13f65e6c6ade1c002fde9eb2b009f0bfaec8f7b8","has_video":false,"like_count":2,"comment_count":0},{"class_name":"Software","name":"CU Soon","tagline":"Find upcoming cornell club meetings, study groups, and events quickly and easily","slug":"cu-soon","url":"http://devpost.com/software/cu-soon","members":["cdcolen","hjg42","helenawu","ofpach513"],"tags":["meteor.js","html5","javascript","bootstrap","node.js","css3","codi"],"winner":false,"photo":null,"has_video":false,"like_count":0,"comment_count":0},{"class_name":"Software","name":"IOUme","tagline":"IOUme is a peer-to-peer small loan lending platform for CapitalOne customers.","slug":"ioume-a-peer-to-peer-small-loan-lending-platform","url":"http://devpost.com/software/ioume-a-peer-to-peer-small-loan-lending-platform","members":["iantuioti","ben4132l","cindyluu","siyuantu"],"tags":["ios","capitalone-api"],"winner":true,"photo":"https://firefly-challengepost.netdna-ssl.com/usercontent/fill/242/161/cGhvdG9zL3Byb2R1Y3Rpb24vc29mdHdhcmVfdGh1bWJuYWlsX3Bob3Rvcy8wMDAvMjkyLzcyMi9kYXRhcy9vcmlnaW5hbC5wbmc=/IOUME.png?signature=d6a69ebcec48f967db98c05c7dc4378e6c30b44d","has_video":true,"like_count":6,"comment_count":2},{"class_name":"Software","name":"Hangman","tagline":"An online hangman web app that generates random numbers and gives you six tries to guess the answer","slug":"hangman-ua0x9s","url":"http://devpost.com/software/hangman-ua0x9s","members":["cullocampaign","harrisongerstenlauer"],"tags":["html","css","javascript"],"winner":false,"photo":null,"has_video":false,"like_count":0,"comment_count":0},{"class_name":"Software","name":"Wee","tagline":"Fun travelling starts with \"Wee.\" This app combines priceline and uber together to make travelling more efficient.","slug":"wee","url":"http://devpost.com/software/wee","members":["raychul","tenyoung795"],"tags":["html5","css3","django","python","uber","priceline"],"winner":false,"photo":"https://firefly-challengepost.netdna-ssl.com/usercontent/fill/242/161/cGhvdG9zL3Byb2R1Y3Rpb24vc29mdHdhcmVfdGh1bWJuYWlsX3Bob3Rvcy8wMDAvMjkyLzc1NC9kYXRhcy9vcmlnaW5hbC5wbmc=/frontpage.png?signature=ad67570789bb44fe95eb2b419b8332e4ce34aa97","has_video":false,"like_count":1,"comment_count":0},{"class_name":"Software","name":"Icebreakr","tagline":"Utilizing the mobile phone capacity to distract in order to bring people together.","slug":"icebreakr-7cunei","url":"http://devpost.com/software/icebreakr-7cunei","members":["vukpetrovic","gintas","noodler"],"tags":["java","android-studio","gradle","photoshop","gimp","html5","css3","javascript","jquery","facebook-login-api","firebase"],"winner":false,"photo":"https://firefly-challengepost.netdna-ssl.com/usercontent/fill/242/161/cGhvdG9zL3Byb2R1Y3Rpb24vc29mdHdhcmVfdGh1bWJuYWlsX3Bob3Rvcy8wMDAvMjkyLzYyNC9kYXRhcy9vcmlnaW5hbC5wbmc=/AppIcon.png?signature=b1b91b7dc636e491bf97d79868db2939c51701f5","has_video":false,"like_count":1,"comment_count":0},{"class_name":"Software","name":"captone","tagline":"Ever want to learn how to play an instrument? Collaborate with others by playing one note at a time!","slug":"captone","url":"http://devpost.com/software/captone","members":["dylanwadler","txpinella","bdantowi"],"tags":["node.js","p5.js","javascript","html5","socket.io","ajax"],"winner":false,"photo":"https://firefly-challengepost.netdna-ssl.com/usercontent/fill/242/161/cGhvdG9zL3Byb2R1Y3Rpb24vc29mdHdhcmVfdGh1bWJuYWlsX3Bob3Rvcy8wMDAvMjkyLzU1MS9kYXRhcy9vcmlnaW5hbC5wbmc=/Ccap.png?signature=8d463b2b93e5d3c89991d9cc92fb32381b26a6c8","has_video":false,"like_count":0,"comment_count":0},{"class_name":"Software","name":"DynaMap","tagline":"Visualize the world map according to different metrics","slug":"dynamap","url":"http://devpost.com/software/dynamap","members":["octref","eliason","schhabra","fireblade"],"tags":["jquery","node.js","mysql","python","javascript","express.js"],"winner":true,"photo":"https://challengepost-s3-challengepost.netdna-ssl.com/photos/production/software_photos/000/292/748/datas/small.png","has_video":false,"like_count":1,"comment_count":0},{"class_name":"Software","name":"bet4charity","tagline":"A gambling website focusing on philanthropy donation to American Cancer Society. ","slug":"bet4charity","url":"http://devpost.com/software/bet4charity","members":["bit4charity","liudanxiao","wbcustc","harrisongregg"],"tags":["javascript","python","css","capital-one","html","parsing","django","json","espn"],"winner":false,"photo":"https://challengepost-s3-challengepost.netdna-ssl.com/photos/production/software_photos/000/292/856/datas/small.png","has_video":false,"like_count":2,"comment_count":0},{"class_name":"Software","name":"Gru","tagline":"Meet Gru.","slug":"gru","url":"http://devpost.com/software/gru","members":["satyab","keshavdv","curransinha","mluop"],"tags":["node.js","python","docker","amazon-web-services","amazon-container-service"],"winner":false,"photo":"https://challengepost-s3-challengepost.netdna-ssl.com/photos/production/software_photos/000/292/817/datas/small.png","has_video":false,"like_count":0,"comment_count":0},{"class_name":"Software","name":"I Want Ta.CO","tagline":"Where can I find the taco?","slug":"i-want-ta-co","url":"http://devpost.com/software/i-want-ta-co","members":["sambrit","gabeochoa"],"tags":["html","flask","python"],"winner":false,"photo":"https://firefly-challengepost.netdna-ssl.com/usercontent/fill/242/161/cGhvdG9zL3Byb2R1Y3Rpb24vc29mdHdhcmVfdGh1bWJuYWlsX3Bob3Rvcy8wMDAvMjkyLzUwMS9kYXRhcy9vcmlnaW5hbC5qcGc=/taco.jpg?signature=a125114a6b26f9b78cd9e2ba4b8bb67bf087cd78","has_video":false,"like_count":0,"comment_count":0},{"class_name":"Software","name":"Masquerade","tagline":"Masquerade overlays ads on video sites with entertaining alternatives so that the creators can get paid.","slug":"masquerade-6ovytw","url":"http://devpost.com/software/masquerade-6ovytw","members":["skeswa","shikkic","xxwikkixx","jnguyen23"],"tags":["javascript","chrome","node.js","tears"],"winner":false,"photo":"https://firefly-challengepost.netdna-ssl.com/usercontent/fill/242/161/cGhvdG9zL3Byb2R1Y3Rpb24vc29mdHdhcmVfdGh1bWJuYWlsX3Bob3Rvcy8wMDAvMjkyLzU0MC9kYXRhcy9vcmlnaW5hbC5wbmc=/gntOmqc.png?signature=8e8fa9ff6be71f0567171201beaf8ddd452cd1aa","has_video":true,"like_count":5,"comment_count":0},{"class_name":"Software","name":"Bloomgraphs","tagline":"Bringing the world's economics to your hand easily","slug":"bloomgraphs","url":"http://devpost.com/software/bloomgraphs","members":["girikuncoro","abhiagarwal53"],"tags":["javascript","angular.js","d3.js","highcharts","python","flask","amazon-dynamodb","heroku","css3","html5","bootstrap","font-awesome","jquery","bloomberg"],"winner":true,"photo":"https://firefly-challengepost.netdna-ssl.com/usercontent/fill/242/161/cGhvdG9zL3Byb2R1Y3Rpb24vc29mdHdhcmVfdGh1bWJuYWlsX3Bob3Rvcy8wMDAvMjkyLzU3Ny9kYXRhcy9vcmlnaW5hbC5wbmc=/hack2.png?signature=80b29197d9c820282d1b8e08a1242078dcaf3820","has_video":false,"like_count":1,"comment_count":0},{"class_name":"Software","name":"Terra Nova","tagline":"Help would be on its way!","slug":"terra-nova","url":"http://devpost.com/software/terra-nova","members":["amayakal","anidesh1512","shish023","sahajbedi"],"tags":["android-studio","javascript","parse","usgs","html"],"winner":true,"photo":"https://firefly-challengepost.netdna-ssl.com/usercontent/fill/242/161/cGhvdG9zL3Byb2R1Y3Rpb24vc29mdHdhcmVfdGh1bWJuYWlsX3Bob3Rvcy8wMDAvMjkyLzQyNS9kYXRhcy9vcmlnaW5hbC5wbmc=/logo.png?signature=97758305e544270739288fa99dfec191375306d0","has_video":false,"like_count":1,"comment_count":0},{"class_name":"Software","name":"The Data Dump","tagline":"A website that utilizes Bloomberg's data catalog to create aesthetically pleasing graphs.","slug":"the-data-dump","url":"http://devpost.com/software/the-data-dump","members":["bjc265","inyoung"],"tags":["javascript","css","html","node.js","jquery","bootstrap","d3.js","bloomberg","amazon-web-services","amazon-dynamodb"],"winner":false,"photo":"https://firefly-challengepost.netdna-ssl.com/usercontent/fill/242/161/cGhvdG9zL3Byb2R1Y3Rpb24vc29mdHdhcmVfdGh1bWJuYWlsX3Bob3Rvcy8wMDAvMjkyLzUxOS9kYXRhcy9vcmlnaW5hbC5wbmc=/tdd.png?signature=23a0da643f616ba799f5aee6c9c53978c0d5f835","has_video":false,"like_count":0,"comment_count":0},{"class_name":"Software","name":"InstantMotivation","tagline":"Get motivated, instantly","slug":"instantmotivation","url":"http://devpost.com/software/instantmotivation","members":["sternhuang","wheresswaldo"],"tags":["html5","css"],"winner":false,"photo":null,"has_video":false,"like_count":0,"comment_count":0},{"class_name":"Software","name":"UberHoot","tagline":"An Uber way to connect with people","slug":"uberhoot","url":"http://devpost.com/software/uberhoot","members":["krishnakantchavali","festy","ankitsharmaks","jesalj"],"tags":["android-studio","parse","uber","photoshop","android","javascript"],"winner":false,"photo":"https://challengepost-s3-challengepost.netdna-ssl.com/photos/production/software_photos/000/292/743/datas/small.png","has_video":false,"like_count":1,"comment_count":0},{"class_name":"Software","name":"Reminder Rides","tagline":"Ever wanted to schedule an Uber ride in advance? Use Reminder Ride to connect your native calendar events with Uber!","slug":"reminderrides","url":"http://devpost.com/software/reminderrides","members":["breadamonium","johnhughes96","adaley121"],"tags":["swift","uber","html5"],"winner":false,"photo":"https://firefly-challengepost.netdna-ssl.com/usercontent/fill/242/161/cGhvdG9zL3Byb2R1Y3Rpb24vc29mdHdhcmVfdGh1bWJuYWlsX3Bob3Rvcy8wMDAvMjkyLzQxNy9kYXRhcy9vcmlnaW5hbC5QTkc=/Logo.PNG?signature=8bd0c33f99aa9d4549933eefeed61aff7f64c517","has_video":false,"like_count":0,"comment_count":0},{"class_name":"Software","name":"Virtual Classroom","tagline":"The VR Classroom of the future that doesn't suck.","slug":"virtual-classroom-m6h4y0","url":"http://devpost.com/software/virtual-classroom-m6h4y0","members":["nouser76"],"tags":["unity","c#","leap-motion","oculus"],"winner":false,"photo":"https://challengepost-s3-challengepost.netdna-ssl.com/photos/production/software_photos/000/292/424/datas/small.png","has_video":true,"like_count":1,"comment_count":0},{"class_name":"Software","name":"ConcertHero","tagline":"An intelligent concert finder paired with your personal Spotify account!","slug":"concerthero-huz3k0","url":"http://devpost.com/software/concerthero-huz3k0","members":["jtc267","kshuster"],"tags":["python","django","spotfiyapi","stubhubapi"],"winner":false,"photo":null,"has_video":false,"like_count":2,"comment_count":0},{"class_name":"Software","name":"UberAHEAD","tagline":"UberAHEAD allows people to plan their rides ahead of time and match with other riders who go along the same path.","slug":"uberahead","url":"http://devpost.com/software/uberahead","members":["danluhuang","stevo14850"],"tags":["javascript","uber","reactjs","gulp.js","sass","babel","sublime-text","jquery","underscorejs","html5","express.js","material-ui"],"winner":false,"photo":"https://challengepost-s3-challengepost.netdna-ssl.com/photos/production/software_photos/000/292/343/datas/small.jpg","has_video":false,"like_count":0,"comment_count":0},{"class_name":"Software","name":"UberRoulette","tagline":"Are you feeling lucky?","slug":"uberroulette","url":"http://devpost.com/software/uberroulette","members":["raudabaugh","callilces"],"tags":["ios","swift"],"winner":false,"photo":null,"has_video":false,"like_count":0,"comment_count":0},{"class_name":"Software","name":"I'm Drunk","tagline":"A website that contains a single button. Pressing the button calls an uber to the user's location and takes them home","slug":"i-m-drunk","url":"http://devpost.com/software/i-m-drunk","members":["bagelboy96","jbharwani","dl724"],"tags":["flask","python","css","html5"],"winner":false,"photo":"https://firefly-challengepost.netdna-ssl.com/usercontent/fill/242/161/cGhvdG9zL3Byb2R1Y3Rpb24vc29mdHdhcmVfdGh1bWJuYWlsX3Bob3Rvcy8wMDAvMjkyLzMwNy9kYXRhcy9vcmlnaW5hbC5wbmc=/Screen_Shot_2015-09-20_at_5.17.51_AM.png?signature=a16bd61436adfb85942ef9a8b07bfe2ebcc6215b","has_video":false,"like_count":2,"comment_count":0},{"class_name":"Software","name":"CodeHermes","tagline":"CS Lectures made simple","slug":"codehermes-nq0uwd","url":"http://devpost.com/software/codehermes-nq0uwd","members":["namananaman","tejas1993","lilyc5459"],"tags":["java"],"winner":false,"photo":"https://challengepost-s3-challengepost.netdna-ssl.com/photos/production/software_photos/000/293/335/datas/small.jpg","has_video":false,"like_count":2,"comment_count":0},{"class_name":"Software","name":"PStock_Watchface","tagline":"PStock_Watchface is a Pebble watchface that displays data change (e.g. daily stock price change) as an emoji.","slug":"pstock_watchface","url":"http://devpost.com/software/pstock_watchface","members":["bpolinsky","conscou","akplan","marcgamell"],"tags":["python","c","java","javascript","css","html"],"winner":false,"photo":"https://firefly-challengepost.netdna-ssl.com/usercontent/fill/242/161/cGhvdG9zL3Byb2R1Y3Rpb24vc29mdHdhcmVfdGh1bWJuYWlsX3Bob3Rvcy8wMDAvMjkyLzQ2MS9kYXRhcy9vcmlnaW5hbC5wbmc=/10c.png?signature=db0bb368aa202b3c881116b4d2c80d08c5f44858","has_video":false,"like_count":4,"comment_count":0},{"class_name":"Software","name":"grapher","tagline":"A command line tool to generate an ASCII graph of a mathematical function","slug":"grapher","url":"http://devpost.com/software/grapher","members":["jje59"],"tags":["python"],"winner":false,"photo":"https://firefly-challengepost.netdna-ssl.com/usercontent/fill/242/161/cGhvdG9zL3Byb2R1Y3Rpb24vc29mdHdhcmVfdGh1bWJuYWlsX3Bob3Rvcy8wMDAvMjkyLzE3MS9kYXRhcy9vcmlnaW5hbC5wbmc=/sin.png?signature=47a3f354e391bdd29ed835bfde5c7e371ae5233f","has_video":false,"like_count":0,"comment_count":0},{"class_name":"Software","name":"Geographi.co","tagline":"Visualizing global data through an interactive 3-D model of Earth.","slug":"geographi-co","url":"http://devpost.com/software/geographi-co","members":["jtambunt","ryanfeldman","geechristine","eileenliu"],"tags":["html5","javascript","css","node.js","bloomberg","amazon-web-services","amazon-dynamodb","photoshop","webgl","love","three.js"],"winner":true,"photo":"https://firefly-challengepost.netdna-ssl.com/usercontent/fill/242/161/cGhvdG9zL3Byb2R1Y3Rpb24vc29mdHdhcmVfdGh1bWJuYWlsX3Bob3Rvcy8wMDAvMjkyLzg2MS9kYXRhcy9vcmlnaW5hbC5qcGVn/File_Sep_20__7_55_25_AM.jpeg?signature=7a44f34375b9fbe0f3dc79e216048a681087a215","has_video":false,"like_count":3,"comment_count":0},{"class_name":"Software","name":"uberroulette-server","tagline":"Little server hack for the Red hack Hackathon 2015","slug":"uberroulette-server","url":"http://devpost.com/software/uberroulette-server","members":["callilces","raudabaugh"],"tags":["javascript","html","css","node.js"],"winner":false,"photo":null,"has_video":false,"like_count":0,"comment_count":0},{"class_name":"Software","name":"Strolp","tagline":"Sweet deals that beat e-commerces portals plus the fun experience of shopping in a big group! Who wouldn't love it?","slug":"strolp-bnco6t","url":"http://devpost.com/software/strolp-bnco6t","members":["kshreyas91","hanax"],"tags":["meteor.js","jade","stylus","mongodb"],"winner":false,"photo":"https://firefly-challengepost.netdna-ssl.com/usercontent/fill/242/161/cGhvdG9zL3Byb2R1Y3Rpb24vc29mdHdhcmVfdGh1bWJuYWlsX3Bob3Rvcy8wMDAvMjkyLzM0OS9kYXRhcy9vcmlnaW5hbC5wbmc=/logo.png?signature=faf09d26e91ab6bb3548beca43bbd5d79e1d7a79","has_video":false,"like_count":0,"comment_count":0},{"class_name":"Software","name":"Gravity","tagline":"Change gravity to solve puzzles in this Oculus Rift game","slug":"gravity-4onczy","url":"http://devpost.com/software/gravity-4onczy","members":["hkat","smitj"],"tags":["oculus","unity"],"winner":false,"photo":null,"has_video":false,"like_count":0,"comment_count":0},{"class_name":"Software","name":"Pebble Chao Garden","tagline":"it tells time","slug":"pebble-chao-garden","url":"http://devpost.com/software/pebble-chao-garden","members":["milleraj"],"tags":["pebble-api"],"winner":false,"photo":"https://challengepost-s3-challengepost.netdna-ssl.com/photos/production/software_photos/000/291/981/datas/small.png","has_video":false,"like_count":0,"comment_count":0},{"class_name":"Software","name":"TRACEME","tagline":"TRACEME transforms learning into a spatial experience through the integration of physical and virtual interfaces.","slug":"traceme","url":"http://devpost.com/software/traceme","members":["justalilshy","ew429","mnguyen","hjmoon94"],"tags":["html5","css","php","javascript","garden-gloves","hardware","adobe-illustrator","photoshop"],"winner":true,"photo":"https://firefly-challengepost.netdna-ssl.com/usercontent/fill/242/161/cGhvdG9zL3Byb2R1Y3Rpb24vc29mdHdhcmVfdGh1bWJuYWlsX3Bob3Rvcy8wMDAvMjkyLzQ3MC9kYXRhcy9vcmlnaW5hbC5wbmc=/LOGO_FINAL2.png?signature=34cfb4b8507c28ed90e2ef482491af5d52935cf8","has_video":false,"like_count":3,"comment_count":0},{"class_name":"Software","name":"PTCAT ","tagline":"When bus is near but phone too far (but within bluetooth limits) ","slug":"ptcat","url":"http://devpost.com/software/ptcat","members":["uncontainedhype","michaelh3781"],"tags":["pebble","c","javascript"],"winner":false,"photo":null,"has_video":false,"like_count":0,"comment_count":0},{"class_name":"Software","name":"BravoTa.co","tagline":"Like tacos? Are they worthy to receive a \"bravo?\" check out BravoTa.co to see our picks!","slug":"bravota-co","url":"http://devpost.com/software/bravota-co","members":["tyc28","gautham523"],"tags":["html","css"],"winner":false,"photo":null,"has_video":false,"like_count":1,"comment_count":0},{"class_name":"Software","name":"reconstruction","tagline":"reconstructing data using deep dream","slug":"reconstruction","url":"http://devpost.com/software/reconstruction","members":["mbuckler","nbingham"],"tags":["python","caffe"],"winner":false,"photo":null,"has_video":false,"like_count":0,"comment_count":0},{"class_name":"Software","name":"Cornell Printers","tagline":"Find Net-Print printers on campus","slug":"cornell-printers","url":"http://devpost.com/software/cornell-printers","members":["inyoung"],"tags":["angular.js","google-maps"],"winner":false,"photo":"https://firefly-challengepost.netdna-ssl.com/usercontent/fill/242/161/cGhvdG9zL3Byb2R1Y3Rpb24vc29mdHdhcmVfdGh1bWJuYWlsX3Bob3Rvcy8wMDAvMjkxLzc2Mi9kYXRhcy9vcmlnaW5hbC5wbmc=/Screen_Shot_2015-09-20_at_2.25.02_AM.png?signature=0622318d789fd7787187ed91b81c5307c1fcafca","has_video":false,"like_count":0,"comment_count":0},{"class_name":"Software","name":"scroll.","tagline":"A google chrome browser extension that periodically scrolls the page automatically.","slug":"scroll","url":"http://devpost.com/software/scroll","members":["yungton","kevingreer"],"tags":["javascript","html","css"],"winner":false,"photo":"https://firefly-challengepost.netdna-ssl.com/usercontent/fill/242/161/cGhvdG9zL3Byb2R1Y3Rpb24vc29mdHdhcmVfdGh1bWJuYWlsX3Bob3Rvcy8wMDAvMjkxLzcxNi9kYXRhcy9vcmlnaW5hbC5wbmc=/scroll.png?signature=0e9d4d064a0d3fe1b495218a359ba66c44e98b96","has_video":false,"like_count":1,"comment_count":0},{"class_name":"Software","name":"MisChat","tagline":"A simple chat system with a twist","slug":"mischat","url":"http://devpost.com/software/mischat","members":["eric780","ahj34"],"tags":["node.js","javascript"],"winner":false,"photo":"https://firefly-challengepost.netdna-ssl.com/usercontent/fill/242/161/cGhvdG9zL3Byb2R1Y3Rpb24vc29mdHdhcmVfdGh1bWJuYWlsX3Bob3Rvcy8wMDAvMjkxLzY5My9kYXRhcy9vcmlnaW5hbC5qcGc=/homer-computer-doh1.jpg?signature=fd975fb375b43f7867e93b1129aa261763d34aa8","has_video":false,"like_count":0,"comment_count":0},{"class_name":"Software","name":"Bloom","tagline":"An elegant app to make lasting connections","slug":"bloom-app","url":"http://devpost.com/software/bloom-app","members":["jamessto","jesselupica","hanli","markz114"],"tags":["java","php","android","android-studio"],"winner":false,"photo":"https://firefly-challengepost.netdna-ssl.com/usercontent/fill/242/161/cGhvdG9zL3Byb2R1Y3Rpb24vc29mdHdhcmVfdGh1bWJuYWlsX3Bob3Rvcy8wMDAvMjkxLzY1NC9kYXRhcy9vcmlnaW5hbC5wbmc=/Screenshot_2015-09-20-01-39-47.png?signature=58404871281fb84578ec5dc2a3479fafb5988dcd","has_video":false,"like_count":0,"comment_count":0},{"class_name":"Software","name":"Chips","tagline":"Use your computer while eating chips","slug":"chips","url":"http://devpost.com/software/chips","members":["ajaygandhi"],"tags":["node.js","electron","annyang"],"winner":false,"photo":"https://firefly-challengepost.netdna-ssl.com/usercontent/fill/242/161/cGhvdG9zL3Byb2R1Y3Rpb24vc29mdHdhcmVfdGh1bWJuYWlsX3Bob3Rvcy8wMDAvMjkxLzYyMy9kYXRhcy9vcmlnaW5hbC5wbmc=/icon_256x256.png?signature=fe84335e18c988054170bb20657f25ed7b574e14","has_video":true,"like_count":2,"comment_count":0},{"class_name":"Software","name":"PebbleCube","tagline":"A tribute to the movie Cube on the Pebble","slug":"pebblecube","url":"http://devpost.com/software/pebblecube","members":["tre23","ricardostephen12","gabengam"],"tags":["javascript"],"winner":false,"photo":"https://firefly-challengepost.netdna-ssl.com/usercontent/fill/242/161/cGhvdG9zL3Byb2R1Y3Rpb24vc29mdHdhcmVfdGh1bWJuYWlsX3Bob3Rvcy8wMDAvMjkxLzYyOS9kYXRhcy9vcmlnaW5hbC5QTkc=/pebmenu.PNG?signature=f822b2f9fe783fe971a783ac870bb1a0bb4ffd41","has_video":true,"like_count":2,"comment_count":0},{"class_name":"Software","name":"Tilt2Type","tagline":"Fast, efficient, and clean method to type on a Pebble Smartwatch","slug":"tilt2text","url":"http://devpost.com/software/tilt2text","members":["narwhalkushal","nkatz565","douglas5"],"tags":["javascript","c","pebble"],"winner":false,"photo":"https://firefly-challengepost.netdna-ssl.com/usercontent/fill/242/161/cGhvdG9zL3Byb2R1Y3Rpb24vc29mdHdhcmVfdGh1bWJuYWlsX3Bob3Rvcy8wMDAvMjkyLzU5Ni9kYXRhcy9vcmlnaW5hbC5wbmc=/sc1.png?signature=1d0a00e7ff105c7ac64698bdb19a760163e33e19","has_video":false,"like_count":3,"comment_count":0},{"class_name":"Software","name":"Cornell Beta","tagline":"Cornell's Ultimate Math Course Assistant","slug":"cornell-beta","url":"http://devpost.com/software/cornell-beta","members":["jessicalee","nw265","cyndichin","dashingwillxu"],"tags":["php","javascript","html5","css","adobe-illustrator"],"winner":false,"photo":"https://challengepost-s3-challengepost.netdna-ssl.com/photos/production/software_photos/000/292/731/datas/small.png","has_video":false,"like_count":3,"comment_count":0},{"class_name":"Software","name":"La Vida LoCo","tagline":"The meaning oflife for La Vida LoCo","slug":"la-vida-loco","url":"http://devpost.com/software/la-vida-loco","members":["sambrit"],"tags":["html","javascript"],"winner":false,"photo":null,"has_video":false,"like_count":0,"comment_count":0},{"class_name":"Software","name":"Mood Dis.co","tagline":"Check your mood, get audiovisual feedback.","slug":"mood-dis-co","url":"http://devpost.com/software/mood-dis-co","members":["maxton","jtmess","cliu","anthonytec2"],"tags":["amazon-web-services","raspberry-pi","python","matlab","php","ios","websockets","ibm-watson","google-web-speech-api","machine-learning"],"winner":false,"photo":"https://challengepost-s3-challengepost.netdna-ssl.com/photos/production/software_photos/000/298/449/datas/small.png","has_video":false,"like_count":0,"comment_count":0},{"class_name":"Software","name":"Let's go!","tagline":"An App that plans your vacation from airplane tickets to hotels and food all from a press of a button.","slug":"let-s-go","url":"http://devpost.com/software/let-s-go","members":["thompsonszack","chrtr","starman360"],"tags":["jade","javascript","node.js","json","priceline-api","jquery","photoshop","amazon-web-services","visual-studio","git","github","google-places","bootstrap"],"winner":false,"photo":null,"has_video":false,"like_count":0,"comment_count":0},{"class_name":"Software","name":"MyoPong","tagline":"Virtual ping pong using the Myo controller","slug":"chalk","url":"http://devpost.com/software/chalk","members":["ucristhian","wildwestduck","candicew"],"tags":["javascript","html","css","lua"],"winner":false,"photo":null,"has_video":false,"like_count":4,"comment_count":0},{"class_name":"Software","name":"Chord for Android","tagline":"Sharing the aux cord, without the aux cord.","slug":"chord-igxvbw","url":"http://devpost.com/software/chord-igxvbw","members":["nsgomez"],"tags":["java"],"winner":false,"photo":"https://challengepost-s3-challengepost.netdna-ssl.com/photos/production/software_photos/000/292/636/datas/small.png","has_video":true,"like_count":0,"comment_count":0},{"class_name":"Software","name":"A.D.A.Y.A.","tagline":"Autonomous and Dynamic Allocation of Youtube Ads - A smarter way to target youtube ads based upon video content","slug":"a-d-a-y-a","url":"http://devpost.com/software/a-d-a-y-a","members":["elanger4"],"tags":["python","caffe","mongodb"],"winner":false,"photo":"https://challengepost-s3-challengepost.netdna-ssl.com/photos/production/software_photos/000/291/541/datas/small.jpeg","has_video":false,"like_count":0,"comment_count":0},{"class_name":"Software","name":"Clubfest Mapper and Manager","tagline":"Ever found yourself lost in Clubfest, not knowing where the club you dreamed of joining was? Fear no longer!","slug":"clubfest-manager","url":"http://devpost.com/software/clubfest-manager","members":["lp349","liangzhang716","dou"],"tags":["django","python","html","css"],"winner":false,"photo":"https://firefly-challengepost.netdna-ssl.com/usercontent/fill/242/161/cGhvdG9zL3Byb2R1Y3Rpb24vc29mdHdhcmVfdGh1bWJuYWlsX3Bob3Rvcy8wMDAvMjkxLzg3Ny9kYXRhcy9vcmlnaW5hbC5wbmc=/Screen_Shot_2015-09-20_at_3.04.20_AM.png?signature=bfd86c710f481496962fcd1b53e1eda30d5ec700","has_video":false,"like_count":3,"comment_count":0},{"class_name":"Software","name":"Banking Simpatico","tagline":"A dashboard to manage your family's spending and to explore reward opportunities","slug":"banking-simpatico","url":"http://devpost.com/software/banking-simpatico","members":["alanplotko","award9"],"tags":["python","flask","capital-one","nessie","d3.js","postman","google-material-design","heroku","pop.co","jquery","javascript","html","css","data-visualization","priceline"],"winner":false,"photo":"https://firefly-challengepost.netdna-ssl.com/usercontent/fill/242/161/cGhvdG9zL3Byb2R1Y3Rpb24vc29mdHdhcmVfdGh1bWJuYWlsX3Bob3Rvcy8wMDAvMjkyLzE5Ny9kYXRhcy9vcmlnaW5hbC5wbmc=/screenshot.png?signature=114fed4183b93562f8319a9af4b89c1d9c9f1799","has_video":false,"like_count":0,"comment_count":0},{"class_name":"Software","name":"Picas.co","tagline":"Art From Data","slug":"picas-co","url":"http://devpost.com/software/picas-co","members":["wlin1","houka","avinzons"],"tags":["javascript","bloomberg","node.js","html5","java","eclipse","paint","google-images","cows","flipped-cows"],"winner":false,"photo":null,"has_video":false,"like_count":1,"comment_count":0},{"class_name":"Software","name":"My First Website","tagline":"It is a simple website with the instructions to drinking games.","slug":"my-first-website","url":"http://devpost.com/software/my-first-website","members":["emma_keeley"],"tags":["html"],"winner":false,"photo":null,"has_video":false,"like_count":0,"comment_count":0},{"class_name":"Software","name":"Onyx","tagline":"Simplicity in navigation, point me where to go.","slug":"onyx","url":"http://devpost.com/software/onyx","members":["thompsontyler","mattli96","aliu139","charleycyx"],"tags":["c","objective-c","node.js","ios","html","css","bootstrap","photoshop","priceline","google-maps","google-directions","pebble"],"winner":true,"photo":"https://firefly-challengepost.netdna-ssl.com/usercontent/fill/242/161/cGhvdG9zL3Byb2R1Y3Rpb24vc29mdHdhcmVfdGh1bWJuYWlsX3Bob3Rvcy8wMDAvMjkxLzMxOS9kYXRhcy9vcmlnaW5hbC5wbmc=/logo.png?signature=9fd69fadb1b45e22d953c5f5f99d8b347a6d9437","has_video":false,"like_count":5,"comment_count":0},{"class_name":"Software","name":"StraightFire","tagline":"You're not a rapper, but you're supa hot.","slug":"straightfire","url":"http://devpost.com/software/straightfire","members":["chrisbeard","trump6","thequasizillionaire"],"tags":["python","pygame"],"winner":false,"photo":"https://firefly-challengepost.netdna-ssl.com/usercontent/fill/242/161/cGhvdG9zL3Byb2R1Y3Rpb24vc29mdHdhcmVfdGh1bWJuYWlsX3Bob3Rvcy8wMDAvMjkxLzM3NC9kYXRhcy9vcmlnaW5hbC5wbmc=/player.png?signature=7954057c3cd527b7d1c3d42c0fa51e566475136e","has_video":false,"like_count":3,"comment_count":0},{"class_name":"Software","name":"fyeah.co/cktails","tagline":"A visual concoction of cocktail mixes for your viewing pleasure","slug":"cocktailproject-github-io","url":"http://devpost.com/software/cocktailproject-github-io","members":["cocktailproject","bradchin95"],"tags":["javascript","html","css"],"winner":false,"photo":null,"has_video":false,"like_count":0,"comment_count":0},{"class_name":"Software","name":"Foober","tagline":"A quick and easy lunch hangout manager. Pick a place, call an Uber, eat, have fun with friends!","slug":"foober","url":"http://devpost.com/software/foober","members":["buiducanh","chocolatechipcookiejoe","stephenhuh","zujko"],"tags":["java","android","android-studio","xml","uber","yelp","google-maps","picasso"],"winner":false,"photo":"https://firefly-challengepost.netdna-ssl.com/usercontent/fill/242/161/cGhvdG9zL3Byb2R1Y3Rpb24vc29mdHdhcmVfdGh1bWJuYWlsX3Bob3Rvcy8wMDAvMjkyLzk3OC9kYXRhcy9vcmlnaW5hbC5wbmc=/ic_launcher.png?signature=2307bb406f0fe57f6149138dd7732f314a220fd8","has_video":false,"like_count":1,"comment_count":0},{"class_name":"Software","name":"UberQ","tagline":"Gamified Uber rides for you and your friends","slug":"uberq","url":"http://devpost.com/software/uberq","members":["simeonvidenov","wijagels","hallfox","rukumar333"],"tags":["node.js","android","amazon-web-services","uber","express.js","venmo","lots-of-love"],"winner":true,"photo":"https://firefly-challengepost.netdna-ssl.com/usercontent/fill/242/161/cGhvdG9zL3Byb2R1Y3Rpb24vc29mdHdhcmVfdGh1bWJuYWlsX3Bob3Rvcy8wMDAvMjkxLzEzMy9kYXRhcy9vcmlnaW5hbC5wbmc=/UberQMain2.png?signature=91c021a90171f99b86966b48d9c868dd9e5bfb6d","has_video":false,"like_count":8,"comment_count":0},{"class_name":"Software","name":"HitResume","tagline":"HitResume","slug":"hitresume","url":"http://devpost.com/software/hitresume","members":["katezeng"],"tags":null,"winner":false,"photo":"https://challengepost-s3-challengepost.netdna-ssl.com/photos/production/software_photos/000/163/859/datas/small.png","has_video":false,"like_count":0,"comment_count":0},{"class_name":"Software","name":"Myodulate","tagline":"Modulate music like never before.","slug":"myodulate","url":"http://devpost.com/software/myodulate","members":["akshaysawhney1"],"tags":["c++","myo","visual-studio","hardware","mac","windows"],"winner":false,"photo":"https://challengepost-s3-challengepost.netdna-ssl.com/photos/production/software_photos/000/163/850/datas/small.jpg","has_video":false,"like_count":0,"comment_count":0},{"class_name":"Software","name":"LunchHouse","tagline":"LunchHouse makes it easy to located and eat lunch with friends on campus!","slug":"lunchhouse","url":"http://devpost.com/software/lunchhouse","members":["terela","peterliu"],"tags":["html","android","ios","mac","web","windows","windows-phone"],"winner":false,"photo":"https://challengepost-s3-challengepost.netdna-ssl.com/photos/production/software_photos/000/163/849/datas/small.png","has_video":false,"like_count":0,"comment_count":0},{"class_name":"Software","name":"Coding Dome","tagline":"A geodesic dome for hacking in","slug":"coding-dome","url":"http://devpost.com/software/coding-dome","members":["oneman2feet"],"tags":["cardboard","duct-tape","hardware"],"winner":false,"photo":"https://challengepost-s3-challengepost.netdna-ssl.com/photos/production/software_photos/000/163/841/datas/small.jpg","has_video":false,"like_count":0,"comment_count":1},{"class_name":"Software","name":"GroupThis!","tagline":"Find groups you actually want to.","slug":"groupthis","url":"http://devpost.com/software/groupthis","members":["vkozina","jstsh95","jlaw"],"tags":["web"],"winner":false,"photo":"https://challengepost-s3-challengepost.netdna-ssl.com/photos/production/software_photos/000/163/839/datas/small.png","has_video":false,"like_count":0,"comment_count":0},{"class_name":"Software","name":"ToTT: Tip of the Tongue","tagline":"Our game helps to prevent the word-difficulty finding phenomenon, also known as \"tip of the tongue\" syndrome.","slug":"tott-tip-of-the-tongue-llyao","url":"http://devpost.com/software/tott-tip-of-the-tongue-llyao","members":["mikakerem","tonocm"],"tags":["css","factual","html","javascript","azure","rhine","mac","web","windows"],"winner":false,"photo":"https://challengepost-s3-challengepost.netdna-ssl.com/photos/production/software_photos/000/163/838/datas/small.png","has_video":false,"like_count":0,"comment_count":0},{"class_name":"Software","name":"ToTT: Tip of the Tongue","tagline":"Our game helps to prevent the word-difficulty finding phenomenon, also known as \"tip of the tongue\" syndrome.","slug":"tott-tip-of-the-tongue-7n2ht","url":"http://devpost.com/software/tott-tip-of-the-tongue-7n2ht","members":["mikakerem","tonocm"],"tags":["css","factual","html","javascript","azure","rhine","mac","web","windows"],"winner":false,"photo":"https://challengepost-s3-challengepost.netdna-ssl.com/photos/production/software_photos/000/163/837/datas/small.png","has_video":false,"like_count":0,"comment_count":0},{"class_name":"Software","name":"Bryo","tagline":"Intuitive browsing using gestures and speech","slug":"bryo","url":"http://devpost.com/software/bryo","members":["aravindpg","usandeep"],"tags":["myo","python","speech-recognition"],"winner":false,"photo":"https://challengepost-s3-challengepost.netdna-ssl.com/photos/production/software_photos/000/163/836/datas/small.png","has_video":false,"like_count":1,"comment_count":0},{"class_name":"Software","name":"RouteMe","tagline":"Draw your way to Destination","slug":"routeme-56ikb","url":"http://devpost.com/software/routeme-56ikb","members":["alliemeng","leeyummy"],"tags":["css","flask","heroku","html5","javascript","leaflet.js","python","scribble-maps","web"],"winner":false,"photo":"https://challengepost-s3-challengepost.netdna-ssl.com/photos/production/software_photos/000/163/835/datas/small.png","has_video":false,"like_count":0,"comment_count":0},{"class_name":"Software","name":"RouteMe","tagline":"Draw your way to destination","slug":"routeme","url":"http://devpost.com/software/routeme","members":["alliemeng","leeyummy"],"tags":["css","flask","heroku","html5","javascript","leaflet.js","python","scribble-maps","web"],"winner":false,"photo":"https://challengepost-s3-challengepost.netdna-ssl.com/photos/production/software_photos/000/163/834/datas/small.png","has_video":false,"like_count":0,"comment_count":0},{"class_name":"Software","name":"Flutter","tagline":"Fun on the Fly. #Flutter","slug":"flutter","url":"http://devpost.com/software/flutter","members":["l10f","spm89","saa237","ajk266"],"tags":["angular.js","azure","css","html","javascript","node.js","web"],"winner":false,"photo":"https://challengepost-s3-challengepost.netdna-ssl.com/photos/production/software_photos/000/163/843/datas/small.png","has_video":false,"like_count":0,"comment_count":0},{"class_name":"Software","name":"Yum Yuk","tagline":"Finding your favorite food you've never had","slug":"yum-yuk","url":"http://devpost.com/software/yum-yuk","members":["jmp464","tusmac","gfh47","spandanagovindgari"],"tags":["css","html5","javascript","python","web"],"winner":false,"photo":"https://challengepost-s3-challengepost.netdna-ssl.com/photos/production/software_photos/000/163/832/datas/small.png","has_video":false,"like_count":0,"comment_count":0},{"class_name":"Software","name":"Horcrux","tagline":"Distributed data repository.","slug":"horcrux","url":"http://devpost.com/software/horcrux","members":["darylsew"],"tags":["node.js","web"],"winner":false,"photo":"https://challengepost-s3-challengepost.netdna-ssl.com/photos/production/software_photos/000/163/830/datas/small.jpg","has_video":false,"like_count":0,"comment_count":0},{"class_name":"Software","name":"Linnaeus","tagline":"Learn a language on the go!","slug":"linnaeus","url":"http://devpost.com/software/linnaeus","members":["agicsaki","fintelia","spencerweiss"],"tags":["amazon-web-services","bing-translator","google-cardboard","imgur","opengl-es","rhine.io","android","hardware"],"winner":true,"photo":"https://challengepost-s3-challengepost.netdna-ssl.com/photos/production/software_photos/000/163/826/datas/small.jpg","has_video":false,"like_count":0,"comment_count":0},{"class_name":"Software","name":"DayCast","tagline":"Journal your day with MMS.","slug":"daycast-hzjz2","url":"http://devpost.com/software/daycast-hzjz2","members":["wilfriede","edwardpo"],"tags":["ruby-on-rails","android","web"],"winner":false,"photo":"https://challengepost-s3-challengepost.netdna-ssl.com/photos/production/software_photos/000/163/823/datas/small.png","has_video":false,"like_count":0,"comment_count":0},{"class_name":"Software","name":"Dan Scarafoni Hamze Alsalhi","tagline":"Chinese SHiritori","slug":"dan-scarafoni-hamze-alsalhi","url":"http://devpost.com/software/dan-scarafoni-hamze-alsalhi","members":["scarafoni"],"tags":["javascript","rhine","web"],"winner":false,"photo":"https://challengepost-s3-challengepost.netdna-ssl.com/photos/production/software_photos/000/163/822/datas/small.png","has_video":false,"like_count":0,"comment_count":0},{"class_name":"Software","name":"enmasse","tagline":"remonetizing the web through the crowdsourced cloud","slug":"enmasse-krsbr","url":"http://devpost.com/software/enmasse-krsbr","members":["hzuo","ggranito","edwardgong","ralphjjrecto"],"tags":["akka","backbone.js","cross-origin-resource-sharing","html5","javascript","less","playframework","postgresql","scala","webworker","web"],"winner":true,"photo":"https://challengepost-s3-challengepost.netdna-ssl.com/photos/production/software_photos/000/163/821/datas/small.png","has_video":false,"like_count":0,"comment_count":0},{"class_name":"Software","name":"College RoadTrip Planner","tagline":"Fast easy way to see if your trip is feasible","slug":"college-roadtrip-planner","url":"http://devpost.com/software/college-roadtrip-planner","members":["danny289","kaushiksv","gz74","rsg246"],"tags":["google-maps","priceline-api","ruby-on-rails","web"],"winner":false,"photo":"https://challengepost-s3-challengepost.netdna-ssl.com/photos/production/software_photos/000/163/820/datas/small.png","has_video":false,"like_count":0,"comment_count":0},{"class_name":"Software","name":"RhineNodePlasty","tagline":"Graphing logical connections","slug":"rhinenodeplasty-eqbqy","url":"http://devpost.com/software/rhinenodeplasty-eqbqy","members":["fortnight","capdan"],"tags":["d3.js","html","java","javascript","rhine.io","simple-json","mac","web","windows"],"winner":false,"photo":"https://challengepost-s3-challengepost.netdna-ssl.com/photos/production/software_photos/000/163/819/datas/small.png","has_video":false,"like_count":0,"comment_count":0},{"class_name":"Software","name":"Myo Kart","tagline":"Interfacing the Oculus Rift and the Myo band for a unique virtul","slug":"m-aah-yo-kart","url":"http://devpost.com/software/m-aah-yo-kart","members":["jvalinsky"],"tags":["csharp","javascript","myo","oculus","unity","hardware","windows"],"winner":false,"photo":null,"has_video":false,"like_count":0,"comment_count":0},{"class_name":"Software","name":"Yorick","tagline":"Grab objects in the computer - see what's on the other side!","slug":"yorick","url":"http://devpost.com/software/yorick","members":["galv","bzreinhardt"],"tags":["javascript","leap-motion","three.js","web"],"winner":false,"photo":"https://challengepost-s3-challengepost.netdna-ssl.com/photos/production/software_photos/000/163/818/datas/small.jpg","has_video":false,"like_count":0,"comment_count":0},{"class_name":"Software","name":"Invisible Maze - Sphero","tagline":"Guide Sphero through invisible mazes ","slug":"invisible-maze-sphero","url":"http://devpost.com/software/invisible-maze-sphero","members":["nw265","jessicalee"],"tags":["sphero","android"],"winner":true,"photo":"https://challengepost-s3-challengepost.netdna-ssl.com/photos/production/software_photos/000/163/816/datas/small.jpg","has_video":false,"like_count":2,"comment_count":0},{"class_name":"Software","name":"pi market","tagline":"marketplace for communities","slug":"pi-market","url":"http://devpost.com/software/pi-market","members":["qtpiez"],"tags":["css","html","javascript","python-(django)","web"],"winner":false,"photo":"https://challengepost-s3-challengepost.netdna-ssl.com/photos/production/software_photos/000/163/815/datas/small.png","has_video":false,"like_count":0,"comment_count":0},{"class_name":"Software","name":"The Muffin Man","tagline":"Do you - really - know the muffin man?","slug":"the-muffin-man","url":"http://devpost.com/software/the-muffin-man","members":["satyab","keshavdv","curransinha"],"tags":["javascript","myo","oculus","unity","hardware","mac","web","windows"],"winner":true,"photo":"https://challengepost-s3-challengepost.netdna-ssl.com/photos/production/software_photos/000/163/814/datas/small.PNG","has_video":false,"like_count":0,"comment_count":0},{"class_name":"Software","name":"Agentada","tagline":"Your itinerary plannr.","slug":"agentada-efj20","url":"http://devpost.com/software/agentada-efj20","members":["brandonlittell","cdomingo","pxlbuzzard","coldencullen","cmb434"],"tags":["angular.js","foundationdb","mongodb","node.js","openshift","sails.js","web"],"winner":false,"photo":"https://challengepost-s3-challengepost.netdna-ssl.com/photos/production/software_photos/000/163/811/datas/small.png","has_video":false,"like_count":0,"comment_count":0},{"class_name":"Software","name":"Fyrefly","tagline":"Realtime sketch messaging","slug":"fyrefly","url":"http://devpost.com/software/fyrefly","members":["eappel","lucasderraugh","yorios9313","blancotech"],"tags":["firebase","swift","ios"],"winner":true,"photo":"https://challengepost-s3-challengepost.netdna-ssl.com/photos/production/software_photos/000/163/810/datas/small.png","has_video":false,"like_count":6,"comment_count":0},{"class_name":"Software","name":"Wakawhitti","tagline":"Use the currency exchange rate to plan your next vacation!","slug":"wakawhitti","url":"http://devpost.com/software/wakawhitti","members":["dianamak","jj404","dashbrown","jgan"],"tags":["bloomberg","django","html/css","photoshop","priceline-api","python","web"],"winner":true,"photo":"https://challengepost-s3-challengepost.netdna-ssl.com/photos/production/software_photos/000/163/806/datas/small.png","has_video":false,"like_count":1,"comment_count":0},{"class_name":"Software","name":"Gershwin","tagline":"A virtual theremin that goes far beyond its humble origins.","slug":"gershwin","url":"http://devpost.com/software/gershwin","members":["ascrivener"],"tags":["cocoa","leap-motion","objective-c","mac"],"winner":true,"photo":"https://challengepost-s3-challengepost.netdna-ssl.com/photos/production/software_photos/000/163/805/datas/small.png","has_video":false,"like_count":0,"comment_count":0},{"class_name":"Software","name":"Sonar","tagline":"Scan your surroundings.","slug":"sonar-1b2e5","url":"http://devpost.com/software/sonar-1b2e5","members":["ericmux","edufgf","marciopaiva"],"tags":["android","flask","heroku","mongodb","nltk","rhine"],"winner":false,"photo":"https://challengepost-s3-challengepost.netdna-ssl.com/photos/production/software_photos/000/163/801/datas/small.png","has_video":false,"like_count":0,"comment_count":0},{"class_name":"Software","name":"Got food?","tagline":"What you should eat, when you want to.","slug":"got-food","url":"http://devpost.com/software/got-food","members":["lp349","amychen"],"tags":["objective-c","xcode","ios"],"winner":false,"photo":"https://challengepost-s3-challengepost.netdna-ssl.com/photos/production/software_photos/000/163/800/datas/small.png","has_video":false,"like_count":0,"comment_count":0},{"class_name":"Software","name":"Taboo!","tagline":"Taboo for the 21st century","slug":"taboo","url":"http://devpost.com/software/taboo","members":["acire","tomchm","niteshvgupta","thekingh"],"tags":["css","html","javascript","jquery","android","ios","mac","web","windows","windows-phone"],"winner":false,"photo":"https://challengepost-s3-challengepost.netdna-ssl.com/photos/production/software_photos/000/163/798/datas/small.png","has_video":false,"like_count":0,"comment_count":0},{"class_name":"Software","name":"TechRekt","tagline":"Finding your perfect gadget just got a lot easier.","slug":"techrekt","url":"http://devpost.com/software/techrekt","members":["narrwhal","aetherize","steffycheuk","jly29"],"tags":["css","html","javascript","php","python","semantics3","web"],"winner":false,"photo":"https://challengepost-s3-challengepost.netdna-ssl.com/photos/production/software_photos/000/163/796/datas/small.png","has_video":false,"like_count":0,"comment_count":0},{"class_name":"Software","name":"BusMe","tagline":"A machine learning bus application","slug":"busme","url":"http://devpost.com/software/busme","members":["brianbao","hongjeon","theonlyjeff2","fastlogin"],"tags":["amazon-ec2","android","css","google-maps","java","javascript","mongodb","node.js","python","xml"],"winner":false,"photo":"https://challengepost-s3-challengepost.netdna-ssl.com/photos/production/software_photos/000/163/795/datas/small.png","has_video":false,"like_count":1,"comment_count":2},{"class_name":"Software","name":"Schedulize Me","tagline":"Course scheduling - so easy a freshman could do it!","slug":"schedulize-me","url":"http://devpost.com/software/schedulize-me","members":["chrisbeard","kjohns19","trump6","emilygoetz"],"tags":["css3","html5","javascript","jcanvas","jquery","mysql","php5","phpmyadmin","bootstrap","web"],"winner":false,"photo":"https://challengepost-s3-challengepost.netdna-ssl.com/photos/production/software_photos/000/163/790/datas/small.png","has_video":false,"like_count":4,"comment_count":0},{"class_name":"Software","name":"Hotel Suggestor","tagline":"Visit your favorite concerts anywhere without bogging yourself down with hotel search","slug":"hotel-suggestor","url":"http://devpost.com/software/hotel-suggestor","members":["ankitsablok89"],"tags":["bandsintown","priceline-api","pygmaps","python","yelp","mac","windows"],"winner":false,"photo":"https://challengepost-s3-challengepost.netdna-ssl.com/photos/production/software_photos/000/163/787/datas/small.png","has_video":false,"like_count":0,"comment_count":0},{"class_name":"Software","name":"Message in a Bottle","tagline":"Geolocation Based Messaging","slug":"message-in-a-bottle","url":"http://devpost.com/software/message-in-a-bottle","members":["isaacreath","marksims","ginonott"],"tags":["heroku","mongodb","python","android"],"winner":false,"photo":"https://challengepost-s3-challengepost.netdna-ssl.com/photos/production/software_photos/000/163/786/datas/small.png","has_video":false,"like_count":0,"comment_count":0},{"class_name":"Software","name":"IntelleChat","tagline":"Chat Application fueled with Suggestions of common interest using Rhine.io","slug":"intellechat","url":"http://devpost.com/software/intellechat","members":["gauravchhabra91","is3av","pricaudc"],"tags":["google-cloud-messaging","rhine.io","azure","android"],"winner":false,"photo":"https://challengepost-s3-challengepost.netdna-ssl.com/photos/production/software_photos/000/163/785/datas/small.png","has_video":false,"like_count":0,"comment_count":0},{"class_name":"Software","name":"FreeFlightAnalytics","tagline":"Modular Open Source Analytics","slug":"freeflightanalytics","url":"http://devpost.com/software/freeflightanalytics","members":["agilgur5"],"tags":["html2canvas","javascript","jquery","prelang","ruby-on-rails","ruby","web"],"winner":false,"photo":"https://challengepost-s3-challengepost.netdna-ssl.com/photos/production/software_photos/000/163/780/datas/small.png","has_video":false,"like_count":0,"comment_count":2},{"class_name":"Software","name":"Contour","tagline":"Colorable photo filter in android app","slug":"contour","url":"http://devpost.com/software/contour","members":["ct457","rjy527"],"tags":["java","android","mac","windows"],"winner":false,"photo":"https://challengepost-s3-challengepost.netdna-ssl.com/photos/production/software_photos/000/163/779/datas/small.PNG","has_video":false,"like_count":0,"comment_count":0},{"class_name":"Software","name":"Adventurously","tagline":"Choose your own adventure!","slug":"adventurously","url":"http://devpost.com/software/adventurously","members":["msw234","am838","vff6"],"tags":["ajax","azure","bootstrap","css","factual","flask","google","html","javascript","leaflet.js","mysql-database","priceline-api","python","web"],"winner":true,"photo":"https://challengepost-s3-challengepost.netdna-ssl.com/photos/production/software_photos/000/164/934/datas/small.png","has_video":false,"like_count":2,"comment_count":0},{"class_name":"Software","name":"ToTT: Tip of the Tongue","tagline":"We help prevent you from experiencing the word-difficulty finding phenomenon.","slug":"tott-tip-of-the-tongue","url":"http://devpost.com/software/tott-tip-of-the-tongue","members":["mikakerem","tonocm"],"tags":["css","factual","html","javascript","azure","rhine","mac","web","windows"],"winner":false,"photo":"https://challengepost-s3-challengepost.netdna-ssl.com/photos/production/software_photos/000/163/770/datas/small.png","has_video":false,"like_count":0,"comment_count":0},{"class_name":"Software","name":"Gatekeeper","tagline":"Distributed RFID door access system. ","slug":"gatekeeper","url":"http://devpost.com/software/gatekeeper","members":["dgonyeo"],"tags":["distributed-systems","haskell","hardware"],"winner":false,"photo":"https://challengepost-s3-challengepost.netdna-ssl.com/photos/production/software_photos/000/163/768/datas/small.JPG","has_video":false,"like_count":0,"comment_count":0},{"class_name":"Software","name":"FanUp!","tagline":"Follow your favorite sports teams and get rewarded! For away games, find local restaurants and hotels!","slug":"fanup","url":"http://devpost.com/software/fanup","members":["mkp53","syedtahmidmahbub","judyls","scienceguyjd"],"tags":["android","arduino","bluetooth","factual","priceline-integration-(in-progress)","hardware"],"winner":true,"photo":"https://challengepost-s3-challengepost.netdna-ssl.com/photos/production/software_photos/000/163/769/datas/small.jpg","has_video":false,"like_count":1,"comment_count":0},{"class_name":"Software","name":"Simple Comments","tagline":"Add a commenting system to your site with two files and two lines of code.","slug":"simple-comments","url":"http://devpost.com/software/simple-comments","members":["faokryn"],"tags":["ajax","javascript","php","web"],"winner":false,"photo":"https://challengepost-s3-challengepost.netdna-ssl.com/photos/production/software_photos/000/163/767/datas/small.png","has_video":false,"like_count":0,"comment_count":0},{"class_name":"Software","name":"Road Trip Planner","tagline":"Plan, Drive, Save -- Map out and estimate the cost of gas and hotels for your next road trip!","slug":"road-trip-planner","url":"http://devpost.com/software/road-trip-planner","members":["elbowswinger"],"tags":["css","dasboot","django","google-maps","html","javascript","jquery","priceline-api","python","web"],"winner":false,"photo":"https://challengepost-s3-challengepost.netdna-ssl.com/photos/production/software_photos/000/163/764/datas/small.png","has_video":false,"like_count":0,"comment_count":0},{"class_name":"Software","name":"Vaux","tagline":"¡Viva la Revolución de la Información!","slug":"vaux","url":"http://devpost.com/software/vaux","members":["rossdylan","citruspi"],"tags":["bootstrap","ember.js","flask","gevent","gunicorn","handlebars.js","jquery","pypdf2","python","requests","rethinkdb","web"],"winner":false,"photo":"https://challengepost-s3-challengepost.netdna-ssl.com/photos/production/software_photos/000/163/763/datas/small.png","has_video":false,"like_count":0,"comment_count":0},{"class_name":"Software","name":"Angled","tagline":"A news aggregator with an edge!","slug":"angled","url":"http://devpost.com/software/angled","members":["stevo14850","lwelch45"],"tags":["akka","angular.js","css3","guava","html5","intellij-idea","java","javascript","jquery","jsoup","kimono","less","play-framework","rhine.io","rome","semantria","sublime-text","bootstrap","web"],"winner":true,"photo":"https://challengepost-s3-challengepost.netdna-ssl.com/photos/production/software_photos/000/163/761/datas/small.png","has_video":false,"like_count":2,"comment_count":0},{"class_name":"Software","name":"Social Room","tagline":"A web app allow you and your friends pick a hotel room together.","slug":"social-room","url":"http://devpost.com/software/social-room","members":null,"tags":["heroku","javascript","mongodb","socket.io","node.js","web"],"winner":false,"photo":"https://challengepost-s3-challengepost.netdna-ssl.com/photos/production/software_photos/000/163/760/datas/small.jpg","has_video":false,"like_count":0,"comment_count":0},{"class_name":"Software","name":"Advid","tagline":"AdVid is an ad exchange for videos. We harness video content to provide the most relevant ads.","slug":"advid-35thf","url":"http://devpost.com/software/advid-35thf","members":["imbenzene","maggienan","jverma","cg439"],"tags":["bash","hmm","java","javascript","opencv","python","r","scikit-learn","mac","web","windows"],"winner":true,"photo":"https://challengepost-s3-challengepost.netdna-ssl.com/photos/production/software_photos/000/163/758/datas/small.png","has_video":true,"like_count":0,"comment_count":0},{"class_name":"Software","name":"an\\note","tagline":"Web-based notes as a service","slug":"an-note","url":"http://devpost.com/software/an-note","members":["namananaman","hjg42"],"tags":["express.js","mongodb","node.js"],"winner":false,"photo":"https://challengepost-s3-challengepost.netdna-ssl.com/photos/production/software_photos/000/163/756/datas/small.png","has_video":false,"like_count":0,"comment_count":0},{"class_name":"Software","name":"all","tagline":"Humanity in the small.","slug":"all","url":"http://devpost.com/software/all","members":["jyc"],"tags":["go","html","html5","javascript","web"],"winner":false,"photo":"https://challengepost-s3-challengepost.netdna-ssl.com/photos/production/software_photos/000/163/755/datas/small.png","has_video":false,"like_count":0,"comment_count":0},{"class_name":"Software","name":"tott.me","tagline":"Web app that prevents development of Tip of the Tongue (tott) Syndrome","slug":"tott-me","url":"http://devpost.com/software/tott-me","members":["tonocm"],"tags":["azure","xaml","web"],"winner":false,"photo":"https://challengepost-s3-challengepost.netdna-ssl.com/photos/production/software_photos/000/163/754/datas/small.gif","has_video":false,"like_count":0,"comment_count":0},{"class_name":"Software","name":"Dinesh Dommaraju","tagline":"An of the off the shelf anonymous text based social platform with focus on voice over call communication.","slug":"dinesh-dommaraju","url":"http://devpost.com/software/dinesh-dommaraju","members":["dineshdommaraju"],"tags":["flask","heroku","nltk","python","r","rhine"],"winner":false,"photo":"https://challengepost-s3-challengepost.netdna-ssl.com/photos/production/software_photos/000/163/750/datas/small.PNG","has_video":false,"like_count":0,"comment_count":0},{"class_name":"Software","name":"PhotoSifter","tagline":"Intuitive sort and search on large photo sets","slug":"photosifter","url":"http://devpost.com/software/photosifter","members":["yaod","dhruvsinghal"],"tags":["boost","c","c++","cmake","objective-c","opencv","siml","xcode","mac"],"winner":false,"photo":"https://challengepost-s3-challengepost.netdna-ssl.com/photos/production/software_photos/000/163/749/datas/small.png","has_video":true,"like_count":0,"comment_count":0},{"class_name":"Software","name":"FrogPot","tagline":"online yard sale","slug":"frogpot","url":"http://devpost.com/software/frogpot","members":["michellewan","harrycheung","mg797"],"tags":["css","html","http://www.creative-tim.com/","javascript","metro","php","phpmyadmin","rhine","wamp","mac","web","windows"],"winner":true,"photo":"https://challengepost-s3-challengepost.netdna-ssl.com/photos/production/software_photos/000/163/748/datas/small.png","has_video":false,"like_count":0,"comment_count":0},{"class_name":"Software","name":"sitme","tagline":"A crowd-sourced, cloud-based platform, sitme helps you find seats nearest to you.","slug":"sitme","url":"http://devpost.com/software/sitme","members":["thabaptiser","glaser06"],"tags":["amazon-ec2","flask","python","sqlalchemy","swift","ios"],"winner":false,"photo":"https://challengepost-s3-challengepost.netdna-ssl.com/photos/production/software_photos/000/163/743/datas/small.png","has_video":false,"like_count":0,"comment_count":1},{"class_name":"Software","name":"Entrtainme","tagline":"Beta version of a website to help users find local activities.","slug":"entrtainme","url":"http://devpost.com/software/entrtainme","members":["ucristhian","atoregozh","lindalli","flchen"],"tags":["css","express.js","factual","html","jade","javascript","jquery","node.js","web"],"winner":false,"photo":"https://challengepost-s3-challengepost.netdna-ssl.com/photos/production/software_photos/000/163/742/datas/small.png","has_video":false,"like_count":0,"comment_count":0},{"class_name":"Software","name":"Drü","tagline":"Drü with friends","slug":"dru","url":"http://devpost.com/software/dru","members":["eyvindn"],"tags":["couchdb","html5","javascript","node.js","web"],"winner":false,"photo":"https://challengepost-s3-challengepost.netdna-ssl.com/photos/production/software_photos/000/163/740/datas/small.png","has_video":false,"like_count":0,"comment_count":0},{"class_name":"Software","name":"sTudoring","tagline":"find students in your area who can help tutor you!","slug":"studoring","url":"http://devpost.com/software/studoring","members":["nic0le","loganrosen","jeffreyzhou"],"tags":["css3","flask","html5","jquery","python","sqlite","web"],"winner":false,"photo":"https://challengepost-s3-challengepost.netdna-ssl.com/photos/production/software_photos/000/163/737/datas/small.png","has_video":false,"like_count":0,"comment_count":0},{"class_name":"Software","name":"Jobify","tagline":"We help you get short-listed for your dream job","slug":"jobify","url":"http://devpost.com/software/jobify","members":["adhawan18","jbc264","pchen15"],"tags":["alchemyapi","css3","html5","javascript","jquery","php","rhine","web"],"winner":false,"photo":"https://challengepost-s3-challengepost.netdna-ssl.com/photos/production/software_photos/000/163/736/datas/small.png","has_video":false,"like_count":0,"comment_count":0},{"class_name":"Software","name":"RhineFeud","tagline":"A semantic distance word matching game","slug":"rhinefeud","url":"http://devpost.com/software/rhinefeud","members":["klopez9","lli13"],"tags":["python","requests","rhine","windows"],"winner":false,"photo":"https://challengepost-s3-challengepost.netdna-ssl.com/photos/production/software_photos/000/163/735/datas/small.png","has_video":false,"like_count":0,"comment_count":0},{"class_name":"Software","name":"Rhino","tagline":"Word Association Game","slug":"rhino-fykif","url":"http://devpost.com/software/rhino-fykif","members":["rgoepfert"],"tags":["css","html","javascript","rhine","web"],"winner":false,"photo":"https://challengepost-s3-challengepost.netdna-ssl.com/photos/production/software_photos/000/163/731/datas/small.png","has_video":false,"like_count":0,"comment_count":0},{"class_name":"Software","name":"Rhino","tagline":"Education game based on the similarity of of words","slug":"rhino","url":"http://devpost.com/software/rhino","members":["jbf252","smb435","djc425"],"tags":["android","java","rhine"],"winner":false,"photo":"https://challengepost-s3-challengepost.netdna-ssl.com/photos/production/software_photos/000/163/726/datas/small.png","has_video":false,"like_count":0,"comment_count":0},{"class_name":"Software","name":"IOU","tagline":"Owing others has never been so easy.","slug":"iou-ovn9","url":"http://devpost.com/software/iou-ovn9","members":["obsc","verultimus","bananabob"],"tags":["express.js","jquery","mysql","node.js","web"],"winner":false,"photo":"https://challengepost-s3-challengepost.netdna-ssl.com/photos/production/software_photos/000/163/724/datas/small.jpg","has_video":false,"like_count":0,"comment_count":0},{"class_name":"Software","name":"Atlas Tabs","tagline":"Get awesome tab suggestions and see what sites are trending around you","slug":"atlas-tabs","url":"http://devpost.com/software/atlas-tabs","members":["apourchet","yhyoon12","tejas2308"],"tags":["css","html5","javascript","jquery","mongodb","node.js","web"],"winner":false,"photo":"https://challengepost-s3-challengepost.netdna-ssl.com/photos/production/software_photos/000/163/722/datas/small.jpg","has_video":false,"like_count":0,"comment_count":0},{"class_name":"Software","name":"Facebook Falafel","tagline":"Eat your unproductivity the 1337 way","slug":"facebook-falafel","url":"http://devpost.com/software/facebook-falafel","members":["ajaygandhi","mrkev"],"tags":["node.js","terminal","mac"],"winner":false,"photo":"https://challengepost-s3-challengepost.netdna-ssl.com/photos/production/software_photos/000/163/716/datas/small.png","has_video":false,"like_count":0,"comment_count":0},{"class_name":"Software","name":"Patch","tagline":"Democracy FTW","slug":"patch","url":"http://devpost.com/software/patch","members":["orisqu","nbingham"],"tags":["css","nltk","php","pylab","python","rhine","mac","web","windows"],"winner":true,"photo":"https://challengepost-s3-challengepost.netdna-ssl.com/photos/production/software_photos/000/163/715/datas/small.png","has_video":false,"like_count":0,"comment_count":0},{"class_name":"Software","name":"HipsterRanking","tagline":"Ranking hipsters in the Instagram","slug":"hipsterranking","url":"http://devpost.com/software/hipsterranking","members":["naghceuz"],"tags":["instagram-api","instagram","web"],"winner":false,"photo":"https://challengepost-s3-challengepost.netdna-ssl.com/photos/production/software_photos/000/163/714/datas/small.png","has_video":false,"like_count":0,"comment_count":0},{"class_name":"Software","name":"EzCamera","tagline":"Intelligent camera developed by openCV and java","slug":"ezcamera","url":"http://devpost.com/software/ezcamera","members":["kchen33","yifan713","ffffer"],"tags":["java","opencv","mac","windows"],"winner":false,"photo":"https://challengepost-s3-challengepost.netdna-ssl.com/photos/production/software_photos/000/163/711/datas/small.jpg","has_video":false,"like_count":0,"comment_count":2},{"class_name":"Software","name":"RoarSchach","tagline":"Enabling patients and mental health professionals to make progress outside the office.","slug":"roarschach","url":"http://devpost.com/software/roarschach","members":["mattloring","jemfeinstein","nmorihara"],"tags":["angular.js","express.js","heroku","javascript","node.js","postgresql","web"],"winner":false,"photo":"https://challengepost-s3-challengepost.netdna-ssl.com/photos/production/software_photos/000/163/710/datas/small.png","has_video":false,"like_count":0,"comment_count":0},{"class_name":"Software","name":"Feud","tagline":"#rhine #html5 #lol","slug":"feud","url":"http://devpost.com/software/feud","members":["dogless","leeonlee","tenyoung795","raychul"],"tags":["css","django","html","html5","javascript","python","rhine","web"],"winner":true,"photo":"https://challengepost-s3-challengepost.netdna-ssl.com/photos/production/software_photos/000/163/707/datas/small.jpg","has_video":false,"like_count":4,"comment_count":0}]