[{"class_name":"Software","name":"NLM Citation Machine","tagline":"automatic NLM style citation generator","slug":"nlm-citation-machine","url":"http://devpost.com/software/nlm-citation-machine","members":["alectrolytes"],"tags":["javascript","json"],"winner":false,"photo":"https://challengepost-s3-challengepost.netdna-ssl.com/photos/production/software_photos/000/301/246/datas/small.png","has_video":false,"like_count":0,"comment_count":0},{"class_name":"Software","name":"MediRec","tagline":"Hospital Tracker","slug":"medirec-p6b2vt","url":"http://devpost.com/software/medirec-p6b2vt","members":["trashpanda","derrick2014"],"tags":["jsp","javascript","google-maps","api","mysql"],"winner":false,"photo":"https://firefly-challengepost.netdna-ssl.com/usercontent/fill/242/161/cGhvdG9zL3Byb2R1Y3Rpb24vc29mdHdhcmVfdGh1bWJuYWlsX3Bob3Rvcy8wMDAvMjk5LzQzMy9kYXRhcy9vcmlnaW5hbC5wbmc=/MediRec.png?signature=411d5e8a79ea325874510349cc96530e89390865","has_video":false,"like_count":0,"comment_count":0},{"class_name":"Software","name":"What's up Doc","tagline":"EMR Application for patients and doctors","slug":"ruhackathon","url":"http://devpost.com/software/ruhackathon","members":["shjkohli","ysharma1126"],"tags":["java"],"winner":false,"photo":null,"has_video":false,"like_count":0,"comment_count":0},{"class_name":"Software","name":"Shrednought","tagline":"shred your way through walls of enemies.","slug":"shrenought","url":"http://devpost.com/software/shrenought","members":["biggie96","shahan314","cmd_ctrl"],"tags":["unity","c-sharp"],"winner":false,"photo":null,"has_video":false,"like_count":2,"comment_count":0},{"class_name":"Software","name":"tiletap2.0","tagline":"A game to test your limits.","slug":"tiletap2-0","url":"http://devpost.com/software/tiletap2-0","members":["anoushkaramkumar","irisval","sophiasaurus"],"tags":["html","css","javascript","jquery"],"winner":false,"photo":null,"has_video":false,"like_count":0,"comment_count":0},{"class_name":"Software","name":"Butter","tagline":"Streaming on a server to decrease download and buffering times","slug":"butter","url":"http://devpost.com/software/butter","members":["meeshbhoombah","hackmca"],"tags":["linode","node.js","amazon-web-services","ios","swift","domain.com"],"winner":true,"photo":null,"has_video":false,"like_count":1,"comment_count":0},{"class_name":"Software","name":"Hospital Hack!","tagline":"A cool mini social network for the children of New York-Presbyterian Hospital!","slug":"hospital-hack","url":"http://devpost.com/software/hospital-hack","members":["aadarsh_kenia","giacomotorres1871"],"tags":["javascript","jquery","php","html5","mysql","css"],"winner":false,"photo":"https://challengepost-s3-challengepost.netdna-ssl.com/photos/production/software_photos/000/299/415/datas/small.jpg","has_video":false,"like_count":2,"comment_count":0},{"class_name":"Software","name":"New Brunswick Budget Visualization","tagline":"We created a visualization and transcribed the data for New Brunswick's 2014 and 2015 budgets","slug":"new-brunswick-budget-visualization","url":"http://devpost.com/software/new-brunswick-budget-visualization","members":["pgadani","hackruw"],"tags":["javascript","html"],"winner":false,"photo":null,"has_video":false,"like_count":0,"comment_count":0},{"class_name":"Software","name":"EZ Notes","tagline":"An awesome webapp that scrapes wikipedia to make note taking and discovery easier.","slug":"hackru2015","url":"http://devpost.com/software/hackru2015","members":["shivamagrawal"],"tags":["javascript","css","node.js","amazon-web-services","html5","socket.io"],"winner":false,"photo":null,"has_video":false,"like_count":1,"comment_count":0},{"class_name":"Software","name":"Horse Simulator 2015 w/ Myo","tagline":"Be horse. Do horse things. Acquire horse experience. Party hard. Watch me whip, watch me neigh-neigh.","slug":"horse-simulator-2015-w-myo","url":"http://devpost.com/software/horse-simulator-2015-w-myo","members":["shoffing","justinsstuff","kbohinski"],"tags":["unity","c#","myo","blender","3ds-max","photoshop"],"winner":false,"photo":"https://firefly-challengepost.netdna-ssl.com/usercontent/fill/242/161/cGhvdG9zL3Byb2R1Y3Rpb24vc29mdHdhcmVfdGh1bWJuYWlsX3Bob3Rvcy8wMDAvMjk5LzM5Ny9kYXRhcy9vcmlnaW5hbC5naWY=/horse_simulator5.gif?signature=05f3ef82680869144a7becf89a089435652ade87","has_video":false,"like_count":2,"comment_count":0},{"class_name":"Software","name":"Budget Organizer","tagline":"A great visual representation of where money is spent.","slug":"budget-organizer","url":"http://devpost.com/software/budget-organizer","members":["megu","anushreed"],"tags":["javascript","css","jquery","html5"],"winner":false,"photo":"https://challengepost-s3-challengepost.netdna-ssl.com/photos/production/software_photos/000/299/368/datas/small.PNG","has_video":false,"like_count":0,"comment_count":0},{"class_name":"Software","name":"Kitty Clicker","tagline":"Cat-based Incremental Game for the Pebble","slug":"kitty-clicker","url":"http://devpost.com/software/kitty-clicker","members":["norahgordon","grylis"],"tags":["javascript","c"],"winner":false,"photo":"https://firefly-challengepost.netdna-ssl.com/usercontent/fill/242/161/cGhvdG9zL3Byb2R1Y3Rpb24vc29mdHdhcmVfdGh1bWJuYWlsX3Bob3Rvcy8wMDAvMjk5LzM1Ni9kYXRhcy9vcmlnaW5hbC5naWY=/pusheen.gif?signature=1bd555b368a7ff29313e0fe7fd417a8415d12dd9","has_video":false,"like_count":0,"comment_count":0},{"class_name":"Software","name":"PatChat","tagline":"Links patients with one another creating a happier and more comfortable atmosphere for everyone.","slug":"patchat","url":"http://devpost.com/software/patchat","members":["nicholasknight","gnagarnaik"],"tags":["java","twilio"],"winner":false,"photo":"https://firefly-challengepost.netdna-ssl.com/usercontent/fill/242/161/cGhvdG9zL3Byb2R1Y3Rpb24vc29mdHdhcmVfdGh1bWJuYWlsX3Bob3Rvcy8wMDAvMjk5LzM0My9kYXRhcy9vcmlnaW5hbC5qcGc=/make-friends.jpg?signature=2ab8a29fc7029f28096b5c17fde3c3825ca21802","has_video":false,"like_count":2,"comment_count":0},{"class_name":"Software","name":"CatalogMe","tagline":"It sends a lot of mail order catalogs to you","slug":"catalogme","url":"http://devpost.com/software/catalogme","members":["jromer94"],"tags":["node.js"],"winner":false,"photo":null,"has_video":false,"like_count":0,"comment_count":0},{"class_name":"Software","name":"Libretto","tagline":"lyric generator using markov chains","slug":"libretto","url":"http://devpost.com/software/libretto","members":["vishalrohra","ashtonw007","antlowhur"],"tags":["markov-chains","python","beautiful-soup","ecmascript"],"winner":false,"photo":"https://firefly-challengepost.netdna-ssl.com/usercontent/fill/242/161/cGhvdG9zL3Byb2R1Y3Rpb24vc29mdHdhcmVfdGh1bWJuYWlsX3Bob3Rvcy8wMDAvMjk5LzM3Mi9kYXRhcy9vcmlnaW5hbC5wbmc=/libretto.png?signature=3d5b6370c13d3db8fcacaf46a73b24c27c89d5c5","has_video":false,"like_count":2,"comment_count":0},{"class_name":"Software","name":"Assistant","tagline":"Outside world brought to you!","slug":"assistant","url":"http://devpost.com/software/assistant","members":["saransh44"],"tags":["java","c#","xml","android","eclipse"],"winner":false,"photo":null,"has_video":false,"like_count":1,"comment_count":0},{"class_name":"Software","name":"1stPlace","tagline":"simple controller, simple game","slug":"1stplace","url":"http://devpost.com/software/1stplace","members":["ed-choi"],"tags":["c#","unity","hardware"],"winner":false,"photo":null,"has_video":false,"like_count":0,"comment_count":0},{"class_name":"Software","name":"Sidescroller for Pebble","tagline":"A sidescrolling game written in C for the Pebble smartwatch.","slug":"sidescroller-for-pebble","url":"http://devpost.com/software/sidescroller-for-pebble","members":["jsvcycling"],"tags":["pebble","c","pebble-sdk"],"winner":false,"photo":null,"has_video":false,"like_count":0,"comment_count":0},{"class_name":"Software","name":"myossage","tagline":"Allows users to gesture letters and communicate in a novel way! Myo drawing are transcribed and then mailed/texted.","slug":"myossage-xwkt8g","url":"http://devpost.com/software/myossage-xwkt8g","members":["chsahit"],"tags":["c++","python","myo","twilio","sendgrid","tears"],"winner":false,"photo":null,"has_video":false,"like_count":0,"comment_count":0},{"class_name":"Software","name":"A Call from Trump","tagline":"A Call from Trump is a data driven speech generator from the controversial lips of Donald J. Trump","slug":"a-call-from-trump","url":"http://devpost.com/software/a-call-from-trump","members":["sudonotpseudo","dincer","arrafal"],"tags":["python","ffmpeg","linode","bloomberg","twilio","audacity"],"winner":false,"photo":"https://challengepost-s3-challengepost.netdna-ssl.com/photos/production/software_photos/000/299/431/datas/small.jpg","has_video":false,"like_count":0,"comment_count":0},{"class_name":"Software","name":"Med-Guard","tagline":"A medical game for kids fighting challenges we could never imagine.","slug":"med-run","url":"http://devpost.com/software/med-run","members":["ishan_arya"],"tags":["xml","construct2"],"winner":false,"photo":"https://challengepost-s3-challengepost.netdna-ssl.com/photos/production/software_photos/000/299/361/datas/small.png","has_video":false,"like_count":0,"comment_count":0},{"class_name":"Software","name":"Traction ","tagline":"Procrastination prevention tool.","slug":"traction","url":"http://devpost.com/software/traction","members":["rogersgeric"],"tags":["node.js","express.js","mongodb","html5","css","chrome","jquery","json"],"winner":false,"photo":null,"has_video":false,"like_count":0,"comment_count":0},{"class_name":"Software","name":"Democracy Jukebox","tagline":"A publicly voted on playlist for music. Any person can add or upvote the song they want to hear next.","slug":"democracy-jukebox","url":"http://devpost.com/software/democracy-jukebox","members":["knaik94","lzak","felixinfinite","dylanlesko"],"tags":["linode","firebase","jquery","php5","apache","bootstrap","html5"],"winner":false,"photo":"https://firefly-challengepost.netdna-ssl.com/usercontent/fill/242/161/cGhvdG9zL3Byb2R1Y3Rpb24vc29mdHdhcmVfdGh1bWJuYWlsX3Bob3Rvcy8wMDAvMjk5LzM5NC9kYXRhcy9vcmlnaW5hbC5wbmc=/logo.png?signature=f2c12c52e1da9b6007afe26b83ccf513692f88bd","has_video":false,"like_count":0,"comment_count":0},{"class_name":"Software","name":"HangoutAndChill","tagline":"Find an Activity to Do Near You...Now","slug":"hangoutandchill","url":"http://devpost.com/software/hangoutandchill","members":["nkowdley","swaroopakkineni"],"tags":["node.js","express.js","mongodb","javascript","jquery","java"],"winner":false,"photo":null,"has_video":false,"like_count":0,"comment_count":0},{"class_name":"Software","name":"HackImage","tagline":"Quick Image Processing on your local Images","slug":"hackimage","url":"http://devpost.com/software/hackimage","members":["koprty"],"tags":["html5","canvas","javascript","jquery","css"],"winner":false,"photo":null,"has_video":false,"like_count":0,"comment_count":0},{"class_name":"Software","name":"Alevior","tagline":"Alevior is a versatile \"break your addiction\" web app, allowing users to improve their lifestyle and ultimately quit.","slug":"alevior-zadfxk","url":"http://devpost.com/software/alevior-zadfxk","members":["seangao","edwardshe"],"tags":["css","javascript","php"],"winner":false,"photo":"https://challengepost-s3-challengepost.netdna-ssl.com/photos/production/software_photos/000/299/398/datas/small.png","has_video":false,"like_count":0,"comment_count":0},{"class_name":"Software","name":"MediManage","tagline":"Medication tracking with supplementary data from the FDA and text alerts","slug":"medimanage","url":"http://devpost.com/software/medimanage","members":["sermik","jlee94"],"tags":["python","twilio","sqlite"],"winner":false,"photo":"https://firefly-challengepost.netdna-ssl.com/usercontent/fill/242/161/cGhvdG9zL3Byb2R1Y3Rpb24vc29mdHdhcmVfdGh1bWJuYWlsX3Bob3Rvcy8wMDAvMjk5LzMzMS9kYXRhcy9vcmlnaW5hbC5wbmc=/Screen_Shot_2015-10-04_at_11.09.19_AM.png?signature=87df6f5d76e593b4287a3d2c0f1126e58140a6da","has_video":false,"like_count":0,"comment_count":0},{"class_name":"Software","name":"-PlayLister-","tagline":"♫Allows you to add music to your playlist on the go through SMS messages by specifying the song title or lyrics♫","slug":"lister","url":"http://devpost.com/software/lister","members":["mimerme","dvdzhuang","intrepidspiff"],"tags":["javascript","css","html","node.js","mongodb","linode","youtube","google","express.js"],"winner":false,"photo":null,"has_video":false,"like_count":1,"comment_count":0},{"class_name":"Software","name":"Scatman","tagline":"The most outrageously coolest funnest bestest platformer out there with no point to it all.","slug":"hackru-2015","url":"http://devpost.com/software/hackru-2015","members":["mcgreentn","sharkco","rcd315"],"tags":["c#","javascript","glsl","rawbinary","raw"],"winner":false,"photo":"https://firefly-challengepost.netdna-ssl.com/usercontent/fill/242/161/cGhvdG9zL3Byb2R1Y3Rpb24vc29mdHdhcmVfdGh1bWJuYWlsX3Bob3Rvcy8wMDAvMjk5LzM2MC9kYXRhcy9vcmlnaW5hbC5qcGc=/maxresdefault.jpg?signature=4b143366491161996bcc4559a1fdf7b34d201db2","has_video":false,"like_count":3,"comment_count":1},{"class_name":"Software","name":"Bot Battle","tagline":"Battle your own AI","slug":"bot-battle","url":"http://devpost.com/software/bot-battle","members":["tribblized","jman3323"],"tags":["python"],"winner":false,"photo":null,"has_video":false,"like_count":0,"comment_count":0},{"class_name":"Software","name":"Niemann-Pick Disease","tagline":"A diagnostic aid (with therapy) for the rare disease","slug":"niemann-pick-disease-type-a","url":"http://devpost.com/software/niemann-pick-disease-type-a","members":["akshaya19","mahi1118","yashee101","harikakotipalli"],"tags":["javascript","jquery","html","css","intel-xdk"],"winner":true,"photo":"https://challengepost-s3-challengepost.netdna-ssl.com/photos/production/software_photos/000/299/315/datas/small.png","has_video":false,"like_count":2,"comment_count":0},{"class_name":"Software","name":"New Brunswick City Financial Data Visualization","tagline":"We provide an easy visualization for people to see the City of New Brunswick's financial revenues and spending.","slug":"new-brunswick-city-financial-data-visualization","url":"http://devpost.com/software/new-brunswick-city-financial-data-visualization","members":["hatswa","katlchan","sravs93","longtengz"],"tags":["jade","mongodb","css","html5","jquery","javascript"],"winner":false,"photo":"https://firefly-challengepost.netdna-ssl.com/usercontent/fill/242/161/cGhvdG9zL3Byb2R1Y3Rpb24vc29mdHdhcmVfdGh1bWJuYWlsX3Bob3Rvcy8wMDAvMjk5LzMzMy9kYXRhcy9vcmlnaW5hbC5wbmc=/cityhall.png?signature=ba6fd02635ea56842604a177d4a7dca75acb3825","has_video":false,"like_count":1,"comment_count":0},{"class_name":"Software","name":"BDPebbleTennis","tagline":"Get realtime feedback from your tennis racket about your strokes using a Pebble smartwatch","slug":"bdpebbletennis","url":"http://devpost.com/software/bdpebbletennis","members":["nikhiljain17","darthanakin"],"tags":["pebble","node.js","ios","sendgrid","javascript","socket.io","express.js"],"winner":true,"photo":null,"has_video":false,"like_count":4,"comment_count":0},{"class_name":"Software","name":"NB Financial Data Visualization","tagline":"Graphical representation of the budget and money flows for the city of New Brunswick, NJ.","slug":"nb-financial-data-visualization","url":"http://devpost.com/software/nb-financial-data-visualization","members":["jialexjay","roopeshkom"],"tags":["javascript","google","html","css"],"winner":true,"photo":null,"has_video":false,"like_count":1,"comment_count":0},{"class_name":"Software","name":"Syneract","tagline":"Syneract is a hub for interactive games that you can play with your friends.","slug":"syneract","url":"http://devpost.com/software/syneract","members":["richardchu","jpaik14"],"tags":["javascript","html","css","node.js","socket.io","amazon-web-services","leap-motion","domain.com"],"winner":false,"photo":null,"has_video":false,"like_count":2,"comment_count":0},{"class_name":"Software","name":"Aifred","tagline":"Aifred is a personal assistant that makes you coffee and algorithmically notifies you of meetings or classes! ","slug":"lifeplan","url":"http://devpost.com/software/lifeplan","members":["srikantdevarajan","rangat","sail338","jj549"],"tags":["css","java","html","php","c","javascript","gradle","xml","hardware","wiring"],"winner":true,"photo":"https://firefly-challengepost.netdna-ssl.com/usercontent/fill/242/161/cGhvdG9zL3Byb2R1Y3Rpb24vc29mdHdhcmVfdGh1bWJuYWlsX3Bob3Rvcy8wMDAvMjk5LzI5NC9kYXRhcy9vcmlnaW5hbC5wbmc=/AppIcon.png?signature=155d54b5ae38c9f8134865c1e4afe816d5e4873f","has_video":false,"like_count":2,"comment_count":0},{"class_name":"Software","name":"1Deej","tagline":"Simplifies the connection between listeners and a DJ with song requests and playlists taken care of","slug":"hackru15f","url":"http://devpost.com/software/hackru15f","members":["stapinskirafal","jessedusty","sutravea"],"tags":["java","python"],"winner":true,"photo":"https://firefly-challengepost.netdna-ssl.com/usercontent/fill/242/161/cGhvdG9zL3Byb2R1Y3Rpb24vc29mdHdhcmVfdGh1bWJuYWlsX3Bob3Rvcy8wMDAvMjk5LzMyMC9kYXRhcy9vcmlnaW5hbC5wbmc=/play_on_spotify.png?signature=6762f74088510d1c4ca75df4b8865379dc3609f6","has_video":false,"like_count":2,"comment_count":1},{"class_name":"Software","name":"omniNAV","tagline":"The All-Purpose Superhighway for Autonomous Drones","slug":"omninavigation","url":"http://devpost.com/software/omninavigation","members":["omninavigation","vallabnayak","jakesyl","rgpfighter"],"tags":["google-maps","google-geocoding","java","javascript","python","linode","jython","cassandra","apache","jetty","git","github","linux","ubuntu","proc","threads","asynchronous"],"winner":false,"photo":"https://firefly-challengepost.netdna-ssl.com/usercontent/fill/242/161/cGhvdG9zL3Byb2R1Y3Rpb24vc29mdHdhcmVfdGh1bWJuYWlsX3Bob3Rvcy8wMDAvMzAwLzc5Mi9kYXRhcy9vcmlnaW5hbC5qcGc=/130528114655-matternet-drone-city-horizontal-large-gallery.jpg?signature=b0951da77412451a60ac8092cc6699b3c4fefdd2","has_video":false,"like_count":1,"comment_count":0},{"class_name":"Software","name":"KareBear","tagline":"Kids can't Bear a life without Kare","slug":"karebear","url":"http://devpost.com/software/karebear","members":["helenawu","quickbrownfox319","jamesdeng"],"tags":["html","css","javascript","arduino","python","firebase","ajax"],"winner":true,"photo":"https://firefly-challengepost.netdna-ssl.com/usercontent/fill/242/161/cGhvdG9zL3Byb2R1Y3Rpb24vc29mdHdhcmVfdGh1bWJuYWlsX3Bob3Rvcy8wMDAvMzAwLzgwMS9kYXRhcy9vcmlnaW5hbC5wbmc=/Screen_Shot_2015-10-05_at_7.56.52_PM.png?signature=689b14499e4b534cb91bf38b821cf3b8398f77c0","has_video":false,"like_count":3,"comment_count":0},{"class_name":"Software","name":"Travel Time","tagline":"shows world clocks and weather data when you're traveling","slug":"travel-time","url":"http://devpost.com/software/travel-time","members":["seankim327"],"tags":["pebble"],"winner":false,"photo":null,"has_video":false,"like_count":0,"comment_count":0},{"class_name":"Software","name":"Number Games","tagline":"Simple yet entertaining games for everyone(especially kids) :)","slug":"number-games","url":"http://devpost.com/software/number-games","members":["nolife","kaygrace","samp_25"],"tags":["java"],"winner":false,"photo":null,"has_video":false,"like_count":0,"comment_count":0},{"class_name":"Software","name":"Rutgers_Free_Food_Android_App","tagline":"Finds all the events that offer free food at Rutgers","slug":"rutgers_free_food_android_app","url":"http://devpost.com/software/rutgers_free_food_android_app","members":["harshilhshah"],"tags":["android-studio","java","xml","facebook-graph","google-maps"],"winner":false,"photo":"https://firefly-challengepost.netdna-ssl.com/usercontent/fill/242/161/cGhvdG9zL3Byb2R1Y3Rpb24vc29mdHdhcmVfdGh1bWJuYWlsX3Bob3Rvcy8wMDAvMjk5LzI0My9kYXRhcy9vcmlnaW5hbC5qcGc=/hackru.jpg?signature=0c3669858376a47d9463aaa923a28f1be0c631b3","has_video":false,"like_count":0,"comment_count":0},{"class_name":"Software","name":"Domain Challenge","tagline":"Coolest Domain around :^)","slug":"domain-challenge","url":"http://devpost.com/software/domain-challenge","members":["samp_25","kaygrace","nolife"],"tags":["domain.com"],"winner":false,"photo":null,"has_video":false,"like_count":1,"comment_count":0},{"class_name":"Software","name":"RUCatastrophic","tagline":"RUCatastrophic Checks Rutgers Operational Status in Real Time So You Can Know Before You Go","slug":"rucatastrophic","url":"http://devpost.com/software/rucatastrophic","members":["gbenjamin24"],"tags":["javascript","python","linode","twitter"],"winner":false,"photo":"https://firefly-challengepost.netdna-ssl.com/usercontent/fill/242/161/cGhvdG9zL3Byb2R1Y3Rpb24vc29mdHdhcmVfdGh1bWJuYWlsX3Bob3Rvcy8wMDAvMjk5LzI1Mi9kYXRhcy9vcmlnaW5hbC5wbmc=/teaser.png?signature=5f179171767c896e9d8fba0fdfc14a6ee5982296","has_video":false,"like_count":1,"comment_count":0},{"class_name":"Software","name":"Sēarch","tagline":"image-based search for Bēhance","slug":"search-project-1bcs27vawfxk","url":"http://devpost.com/software/search-project-1bcs27vawfxk","members":["jayhxmo","nimus0108","abhinavmadahar"],"tags":["html5","sass","javascript","jquery","node.js","clarifai","behance","es6","imgur","linode","digitalocean","love"],"winner":true,"photo":"https://challengepost-s3-challengepost.netdna-ssl.com/photos/production/software_photos/000/299/239/datas/small.png","has_video":false,"like_count":4,"comment_count":0},{"class_name":"Software","name":"CrowdPixel","tagline":"Crowd-Sourced Image creation, one pixel at a time.","slug":"crowdpixel","url":"http://devpost.com/software/crowdpixel","members":["adamgincel"],"tags":["firebase","javascript","html5"],"winner":false,"photo":"https://firefly-challengepost.netdna-ssl.com/usercontent/fill/242/161/cGhvdG9zL3Byb2R1Y3Rpb24vc29mdHdhcmVfdGh1bWJuYWlsX3Bob3Rvcy8wMDAvMjk5LzE5Ny9kYXRhcy9vcmlnaW5hbC5wbmc=/CrowdPixel.png?signature=a3e518e53c8e95aff2b49f7f89a1eb7648a32b0b","has_video":false,"like_count":0,"comment_count":0},{"class_name":"Software","name":"VSE - a Virtual Stock Exchange!","tagline":"Check out this awesome web-turn-moble VSE app, built by rising Engineers!","slug":"vse-a-virtual-stock-exchange","url":"http://devpost.com/software/vse-a-virtual-stock-exchange","members":["jayrav13","jeyshah9","vorichardjohn"],"tags":["node.js","mongodb","python","flask","jinja","bootstrap","google-vm","ios","swift"],"winner":false,"photo":null,"has_video":false,"like_count":1,"comment_count":0},{"class_name":"Software","name":"IslandSimulator","tagline":"A simple, relaxing island evolution simulation, which slowly develops over time","slug":"islandsimulator","url":"http://devpost.com/software/islandsimulator","members":["ryguy9999","lordbedford","metherat"],"tags":["java"],"winner":false,"photo":"https://challengepost-s3-challengepost.netdna-ssl.com/photos/production/software_photos/000/299/196/datas/small.png","has_video":false,"like_count":5,"comment_count":3},{"class_name":"Software","name":"Spamalot","tagline":"A spambot that is guaranteed to annoy the crap out of you","slug":"spamalot","url":"http://devpost.com/software/spamalot","members":["ananthamapod"],"tags":["jade","node.js","express.js","bootstrap","mongodb"],"winner":false,"photo":null,"has_video":false,"like_count":0,"comment_count":0},{"class_name":"Software","name":"easy-mon3y","tagline":"Using the Bloomberg Data and Google Prediction API to tell you the best place to put your money","slug":"easy-mon3y","url":"http://devpost.com/software/easy-mon3y","members":["brekru212"],"tags":["python","google-prediction","amazon-web-services"],"winner":true,"photo":null,"has_video":false,"like_count":1,"comment_count":0},{"class_name":"Software","name":"CoffeeBot","tagline":"PLS NOTICE ME SENPAI","slug":"coffeebot","url":"http://devpost.com/software/coffeebot","members":["scheung901","svc31","ajaysrivastava","pavanonator","reinahoshino"],"tags":["arduino","tk1","opencv"],"winner":false,"photo":null,"has_video":false,"like_count":2,"comment_count":0},{"class_name":"Software","name":"wanna talk","tagline":"Discover like-minded people in a jiffy","slug":"wanna-talk","url":"http://devpost.com/software/wanna-talk","members":["sinhadevang"],"tags":["android","eclipse","java","parse","google-maps"],"winner":false,"photo":"https://firefly-challengepost.netdna-ssl.com/usercontent/fill/242/161/cGhvdG9zL3Byb2R1Y3Rpb24vc29mdHdhcmVfdGh1bWJuYWlsX3Bob3Rvcy8wMDAvMjk5LzI3OS9kYXRhcy9vcmlnaW5hbC5wbmc=/talk.png?signature=15e48e4e16d4bd61ae78aa4e97a47929fadfa664","has_video":false,"like_count":0,"comment_count":0},{"class_name":"Software","name":"Automobile Power Saver","tagline":"Alerts you to battery power drainage","slug":"automobile-power-saver","url":"http://devpost.com/software/automobile-power-saver","members":["arkaroy102","asriv98","anshuldoshi","suhaasy"],"tags":["arduino","c#"],"winner":false,"photo":"https://challengepost-s3-challengepost.netdna-ssl.com/photos/production/software_photos/000/298/974/datas/small.JPG","has_video":false,"like_count":0,"comment_count":0},{"class_name":"Software","name":"EyeSense","tagline":"EyeSense uses Muse to allow paralyzed individuals to send text messages by blinking. ","slug":"eyesense","url":"http://devpost.com/software/eyesense","members":["petertenido","wilskywalker"],"tags":["java","twilio","php","linode","muse"],"winner":false,"photo":"https://firefly-challengepost.netdna-ssl.com/usercontent/fill/242/161/cGhvdG9zL3Byb2R1Y3Rpb24vc29mdHdhcmVfdGh1bWJuYWlsX3Bob3Rvcy8wMDAvMjk5LzAxMi9kYXRhcy9vcmlnaW5hbC5wbmc=/eye_sense_300x200.png?signature=7ec6983a45b993528173944e648d59e453ad64f6","has_video":false,"like_count":0,"comment_count":0},{"class_name":"Software","name":"Pain Status","tagline":"Patient can quickly tell the nurses their pain status","slug":"pain-status","url":"http://devpost.com/software/pain-status","members":["perezt","shereenb","evorsio","rsoskind"],"tags":["javascript","firebase"],"winner":false,"photo":null,"has_video":false,"like_count":0,"comment_count":0},{"class_name":"Software","name":"Color With Friends~~","tagline":"A color-aberative web app for Leap Motion: it's coloring...but with friends","slug":"color-with-friends","url":"http://devpost.com/software/color-with-friends","members":["trantastic","conscou","akplan"],"tags":["javascript","leap-motion","python","sendgrid","html5","css","jquery"],"winner":false,"photo":"https://firefly-challengepost.netdna-ssl.com/usercontent/fill/242/161/cGhvdG9zL3Byb2R1Y3Rpb24vc29mdHdhcmVfdGh1bWJuYWlsX3Bob3Rvcy8wMDAvMjk4Lzk0MS9kYXRhcy9vcmlnaW5hbC5wbmc=/Screenshot_from_2015-10-04_08_23_39.png?signature=a4ee56699e102e37b8e2a845676ddb12eb1ac3de","has_video":false,"like_count":1,"comment_count":0},{"class_name":"Software","name":"GoudaNuffForMe","tagline":"These pick up lines are too GOUDA to be true","slug":"goudanuffforme","url":"http://devpost.com/software/goudanuffforme","members":["thompsonszack","chrtr","caseymickunas"],"tags":["node.js","jade","html5","css3","bootstrap","wordnik","twilio"],"winner":false,"photo":null,"has_video":false,"like_count":0,"comment_count":0},{"class_name":"Software","name":"3D-Pong","tagline":"3D-Pong in a cylinder","slug":"3d-pong","url":"http://devpost.com/software/3d-pong","members":["jasoncarrete5","inser7name"],"tags":["unity"],"winner":false,"photo":"https://challengepost-s3-challengepost.netdna-ssl.com/photos/production/software_photos/000/299/286/datas/small.png","has_video":false,"like_count":0,"comment_count":0},{"class_name":"Software","name":"Runtime Error","tagline":"An endless run or endless fun?","slug":"runtime-error","url":"http://devpost.com/software/runtime-error","members":["revkorr","kiragobes","ashleykim","jnelson3225"],"tags":["unity","leap-motion"],"winner":false,"photo":"https://firefly-challengepost.netdna-ssl.com/usercontent/fill/242/161/cGhvdG9zL3Byb2R1Y3Rpb24vc29mdHdhcmVfdGh1bWJuYWlsX3Bob3Rvcy8wMDAvMjk4Lzk3Ni9kYXRhcy9vcmlnaW5hbC5qcGc=/12071718_10207709424200353_1478666647_n.jpg?signature=3dc9a61f0a38c869659359b63dcbdcc67dfe1d01","has_video":false,"like_count":3,"comment_count":0},{"class_name":"Software","name":"eye-mouse","tagline":"Turns your face into a mouse","slug":"eye-mouse","url":"http://devpost.com/software/eye-mouse","members":["k-chen8888"],"tags":["python"],"winner":false,"photo":null,"has_video":false,"like_count":0,"comment_count":0},{"class_name":"Software","name":"SkinDoc","tagline":"Uses Machine Learning to classify images of skin as normal or melanoma","slug":"skindoc","url":"http://devpost.com/software/skindoc","members":["naps333"],"tags":["flask","python","opencv","sklearn","numpy","scipy","machine-learning","image-processing"],"winner":false,"photo":"https://firefly-challengepost.netdna-ssl.com/usercontent/fill/242/161/cGhvdG9zL3Byb2R1Y3Rpb24vc29mdHdhcmVfdGh1bWJuYWlsX3Bob3Rvcy8wMDAvMjk4LzkxOS9kYXRhcy9vcmlnaW5hbC5wbmc=/skindoc.png?signature=bb7035794c7b2516e534b6b86dff398bef86d661","has_video":true,"like_count":0,"comment_count":0},{"class_name":"Software","name":"1Lane","tagline":"Detection of Cars for Transportation Safety, especially for bikers","slug":"1lane","url":"http://devpost.com/software/1lane","members":["bsy234","swordguy","thehunter1","awakenpan"],"tags":["opencv","java","c","pebble","eclipse","camera","android","python"],"winner":false,"photo":"https://firefly-challengepost.netdna-ssl.com/usercontent/fill/242/161/cGhvdG9zL3Byb2R1Y3Rpb24vc29mdHdhcmVfdGh1bWJuYWlsX3Bob3Rvcy8wMDAvMjk4LzkzNS9kYXRhcy9vcmlnaW5hbC5qcGc=/logo.jpg?signature=e04908c242612291c5f5ef9d282df998248b7831","has_video":true,"like_count":0,"comment_count":0},{"class_name":"Software","name":"Plan Rutgers","tagline":"Web app that turns your entered Rutgers courses and makes it into a minimalist and aesthetically pleasing schedule.","slug":"plan-rutgers","url":"http://devpost.com/software/plan-rutgers","members":["dahchen"],"tags":["python","requests","javascript","jquery","sqlite","flask","html","css","ajax"],"winner":false,"photo":"https://firefly-challengepost.netdna-ssl.com/usercontent/fill/242/161/cGhvdG9zL3Byb2R1Y3Rpb24vc29mdHdhcmVfdGh1bWJuYWlsX3Bob3Rvcy8wMDAvMjk4Lzg3OS9kYXRhcy9vcmlnaW5hbC5wbmc=/logo2.png?signature=29abc0d342f1ac841008f4bd9697a5d742a821a4","has_video":false,"like_count":0,"comment_count":0},{"class_name":"Software","name":"Oversight","tagline":"Oversight is a new way to track Congressional bills on your Android device","slug":"oversight","url":"http://devpost.com/software/oversight","members":["jordandebarth"],"tags":["java","android","sql","sunlight-labs-congress"],"winner":false,"photo":"https://firefly-challengepost.netdna-ssl.com/usercontent/fill/242/161/cGhvdG9zL3Byb2R1Y3Rpb24vc29mdHdhcmVfdGh1bWJuYWlsX3Bob3Rvcy8wMDAvMjk4Lzg2Ny9kYXRhcy9vcmlnaW5hbC5wbmc=/ic_launcher_new.png?signature=554b8bb9a00ebdea62f7198ff44fb6511e9e4734","has_video":false,"like_count":1,"comment_count":0},{"class_name":"Software","name":"Repetera","tagline":"A mobile application that helps you manage your recurring payments","slug":"repetera","url":"http://devpost.com/software/repetera","members":["jackcook"],"tags":["ios","plaid","regex"],"winner":true,"photo":"https://challengepost-s3-challengepost.netdna-ssl.com/photos/production/software_photos/000/299/025/datas/small.png","has_video":false,"like_count":2,"comment_count":0},{"class_name":"Software","name":"kompressor","tagline":"makes deceptive integers","slug":"kompressor","url":"http://devpost.com/software/kompressor","members":["davidawad"],"tags":["python","png"],"winner":false,"photo":null,"has_video":false,"like_count":0,"comment_count":0},{"class_name":"Software","name":"Talk_Stock","tagline":"An environment for stock predictions and analysis","slug":"talk_stock","url":"http://devpost.com/software/talk_stock","members":["devinsoni","billlee"],"tags":["css","html","python"],"winner":false,"photo":"https://firefly-challengepost.netdna-ssl.com/usercontent/fill/242/161/cGhvdG9zL3Byb2R1Y3Rpb24vc29mdHdhcmVfdGh1bWJuYWlsX3Bob3Rvcy8wMDAvMjk4Lzc4Ny9kYXRhcy9vcmlnaW5hbC5qcGc=/unicorn.jpg?signature=8c870655a34ae8c973e704241dd72c24370787f2","has_video":false,"like_count":3,"comment_count":1},{"class_name":"Software","name":"Project Tibia","tagline":"Catch Tibial Pseudoarthrosis Easily.","slug":"project-j4zn6d","url":"http://devpost.com/software/project-j4zn6d","members":["mridulsinghai","anishbasu","zeuskkk"],"tags":["c++","visual-studio"],"winner":true,"photo":"https://firefly-challengepost.netdna-ssl.com/usercontent/fill/242/161/cGhvdG9zL3Byb2R1Y3Rpb24vc29mdHdhcmVfdGh1bWJuYWlsX3Bob3Rvcy8wMDAvMjk4LzgyOS9kYXRhcy9vcmlnaW5hbC5qcGc=/TibiaDevPost.jpg?signature=8f1edc5c617638f31bc70ce357dfa4897c508e23","has_video":false,"like_count":5,"comment_count":0},{"class_name":"Software","name":"Fitness With Friends","tagline":"An app to encourage people to stay fit by pushing each other to their limits","slug":"fitnesswithfriends","url":"http://devpost.com/software/fitnesswithfriends","members":["patn1","buffet_time"],"tags":["java","android","android-studio","firebase","facebook-login-api","pebble","javascript"],"winner":false,"photo":"https://challengepost-s3-challengepost.netdna-ssl.com/photos/production/software_photos/000/299/441/datas/small.png","has_video":false,"like_count":1,"comment_count":0},{"class_name":"Software","name":"Jfcrypt","tagline":"Jfcrypt is a small, fast file encryption utility for Unix written in C.","slug":"jcrypt","url":"http://devpost.com/software/jcrypt","members":["d-503"],"tags":["c","libsodium"],"winner":false,"photo":null,"has_video":false,"like_count":0,"comment_count":0},{"class_name":"Software","name":"RxCheck","tagline":"Web app empowering patients by cross-referencing potential violations in their prescription medications","slug":"rxcheck","url":"http://devpost.com/software/rxcheck","members":["nicholaswalsh","brianyang","hunterboybrian","einnuj"],"tags":["python","mongodb","twilio","sendgrid","pymongo"],"winner":true,"photo":"https://firefly-challengepost.netdna-ssl.com/usercontent/fill/242/161/cGhvdG9zL3Byb2R1Y3Rpb24vc29mdHdhcmVfdGh1bWJuYWlsX3Bob3Rvcy8wMDAvMjk5LzQzOC9kYXRhcy9vcmlnaW5hbC5wbmc=/devpost-pill-logo.png?signature=98201a08506e8b4370a65c5c1206f41120b2e6fc","has_video":false,"like_count":3,"comment_count":2}]