[{"class_name":"Software","name":"Vespucci","tagline":"Always keep in the loop no matter where you travel in the world in a matter of instants","slug":"vespucci","url":"http://devpost.com/software/vespucci","members":["alvinsi","tejaskhorana","jtorraca","rmajumdar"],"tags":["javascript","html","css","node.js","google-maps","jquery","bootstrap","handlebars.js","express.js"],"winner":false,"photo":"https://firefly-challengepost.netdna-ssl.com/usercontent/fill/242/161/cGhvdG9zL3Byb2R1Y3Rpb24vc29mdHdhcmVfdGh1bWJuYWlsX3Bob3Rvcy8wMDAvMzA3LzI1Ny9kYXRhcy9vcmlnaW5hbC5wbmc=/Screen_Shot_2015-10-18_at_2.57.30_PM.png?signature=975d466eae2fbaeb1ea8876b0aa644035821694a","has_video":true,"like_count":0,"comment_count":0},{"class_name":"Software","name":"Fit Fighter","tagline":"Pokemon integrated with fitness","slug":"fit-fighter","url":"http://devpost.com/software/fit-fighter","members":["ajliu1","pranavkundra","chinmayrane","chaityabshah"],"tags":["node.js","swift","mongodb","azure","healthkit","express.js","hackgt"],"winner":false,"photo":"https://firefly-challengepost.netdna-ssl.com/usercontent/fill/242/161/cGhvdG9zL3Byb2R1Y3Rpb24vc29mdHdhcmVfdGh1bWJuYWlsX3Bob3Rvcy8wMDAvMjk2Lzk2OS9kYXRhcy9vcmlnaW5hbC5wbmc=/Untitled-2.png?signature=b31f57e097b21c6e66a8ca13abc035ab7b02966a","has_video":false,"like_count":2,"comment_count":0},{"class_name":"Software","name":"TweetMood","tagline":"Geographically visualizing the sentiment and influence of tweets","slug":"tweetmood","url":"http://devpost.com/software/tweetmood","members":["gdyer","dsrcl"],"tags":["css3","flask","google-maps","html5","javascript","jquery","python","twitter","angular.js","sentiment-analysis","web"],"winner":false,"photo":"https://challengepost-s3-challengepost.netdna-ssl.com/photos/production/software_photos/000/162/057/datas/small.png","has_video":true,"like_count":1,"comment_count":2},{"class_name":"Software","name":"Help Square","tagline":"Allow crowdsourcing for charity organizations","slug":"help-square","url":"http://devpost.com/software/help-square","members":["yhuang384"],"tags":["css","html","javascript","web"],"winner":false,"photo":"https://challengepost-s3-challengepost.netdna-ssl.com/photos/production/software_photos/000/162/055/datas/small.png","has_video":false,"like_count":1,"comment_count":0},{"class_name":"Software","name":"dARpan","tagline":"Stay fit while having fun","slug":"darpan-hj1mg","url":"http://devpost.com/software/darpan-hj1mg","members":["shauvik","mpark89","sammil0925","yhm"],"tags":["android","android-wear","augmented-reality","google-cardboard","google-watch","moto360","tablet","vuforia","wearables","hardware"],"winner":false,"photo":"https://challengepost-s3-challengepost.netdna-ssl.com/photos/production/software_photos/000/162/044/datas/small.jpg","has_video":false,"like_count":0,"comment_count":0},{"class_name":"Software","name":"FoodEZ","tagline":"No more waiting in line to order.","slug":"foodez","url":"http://devpost.com/software/foodez","members":["brodieschroeder","salehhamadeh"],"tags":["javascript","meteor.js"],"winner":false,"photo":"https://challengepost-s3-challengepost.netdna-ssl.com/photos/production/software_photos/000/162/041/datas/small.png","has_video":false,"like_count":0,"comment_count":0},{"class_name":"Software","name":"Accio","tagline":"Brings your Google search results to your other pages","slug":"accio-m2996","url":"http://devpost.com/software/accio-m2996","members":["thebluthcompany","akshayshukla","yuetingleeeee","mahadgd94"],"tags":["chrome","javascript","web"],"winner":false,"photo":"https://challengepost-s3-challengepost.netdna-ssl.com/photos/production/software_photos/000/162/039/datas/small.JPG","has_video":false,"like_count":0,"comment_count":0},{"class_name":"Software","name":"Python Player","tagline":"Coding in Python and playing music","slug":"python-player","url":"http://devpost.com/software/python-player","members":["hw33"],"tags":["python","windows"],"winner":false,"photo":"https://challengepost-s3-challengepost.netdna-ssl.com/photos/production/software_photos/000/161/971/datas/small.png","has_video":false,"like_count":0,"comment_count":0},{"class_name":"Software","name":"Code converter","tagline":"Syntax help for all!!","slug":"code-converter","url":"http://devpost.com/software/code-converter","members":["adixit31","malavikabindhi"],"tags":["c","c++","html","java","javascript","web"],"winner":false,"photo":"https://challengepost-s3-challengepost.netdna-ssl.com/photos/production/software_photos/000/161/970/datas/small.png","has_video":false,"like_count":0,"comment_count":0},{"class_name":"Software","name":"Indicate your drive","tagline":"Safe cycling = lives saving!!","slug":"indicate-your-drive","url":"http://devpost.com/software/indicate-your-drive","members":["amishralhan"],"tags":["android","apple","google-glass","sendgrid-api","twilio","hardware","ios"],"winner":false,"photo":"https://challengepost-s3-challengepost.netdna-ssl.com/photos/production/software_photos/000/161/969/datas/small.jpg","has_video":false,"like_count":1,"comment_count":0},{"class_name":"Software","name":"Auto-Weight-Tracker","tagline":"Hardware user-interface for use in automating health devices. ","slug":"auto-weight-tracker","url":"http://devpost.com/software/auto-weight-tracker","members":["valang","dr369","bchou"],"tags":["arduino","html","javascript","python","hardware","web"],"winner":false,"photo":"https://challengepost-s3-challengepost.netdna-ssl.com/photos/production/software_photos/000/161/967/datas/small.jpg","has_video":false,"like_count":0,"comment_count":0},{"class_name":"Software","name":"Online SNAP Challenge","tagline":"A game to inspire social awareness and conversation","slug":"online-snap-challenge","url":"http://devpost.com/software/online-snap-challenge","members":["esapp"],"tags":null,"winner":false,"photo":"https://challengepost-s3-challengepost.netdna-ssl.com/photos/production/software_photos/000/161/756/datas/small.png","has_video":false,"like_count":1,"comment_count":0},{"class_name":"Software","name":"Kickstart My Heart","tagline":"Device to aid with CPR","slug":"kickstart-my-heart","url":"http://devpost.com/software/kickstart-my-heart","members":["ajain324"],"tags":["c++","mbed","hardware"],"winner":true,"photo":"https://challengepost-s3-challengepost.netdna-ssl.com/photos/production/software_photos/000/161/747/datas/small.JPG","has_video":false,"like_count":1,"comment_count":0},{"class_name":"Software","name":"TuneRoom","tagline":"Music playlists with friends.","slug":"tuneroom","url":"http://devpost.com/software/tuneroom","members":["fmsanchez","bcollazo","chrisrodz"],"tags":["html","javascript","objective-c","ruby-on-rails","bootstrap","ios","web"],"winner":false,"photo":"https://challengepost-s3-challengepost.netdna-ssl.com/photos/production/software_photos/000/161/744/datas/small.png","has_video":false,"like_count":0,"comment_count":0},{"class_name":"Software","name":"Fresh Prints","tagline":"Hacked TouchID to work with Desktop Gmail/Google","slug":"fresh-prints","url":"http://devpost.com/software/fresh-prints","members":["chanmatt","phortissimo"],"tags":["chrome","html","iphone6","javascript","objective-c","sql","touchid","azure","ios","mac","windows"],"winner":false,"photo":"https://challengepost-s3-challengepost.netdna-ssl.com/photos/production/software_photos/000/161/739/datas/small.png","has_video":false,"like_count":0,"comment_count":1},{"class_name":"Software","name":"SyncSpin","tagline":"Where the whole party has a voice, but no one has to shout.","slug":"syncspin-8jsx6","url":"http://devpost.com/software/syncspin-8jsx6","members":["dbsweets","simplyianm","timhyon","themailman05"],"tags":["android","beats-music","data-visualisation","javascript","mashery","node.js","python","twitter","bootstrap","web-app","web-apps","jquery","socket.io","ios","mac","web","windows","windows-phone"],"winner":true,"photo":"https://challengepost-s3-challengepost.netdna-ssl.com/photos/production/software_photos/000/161/731/datas/small.png","has_video":false,"like_count":5,"comment_count":0},{"class_name":"Software","name":"GT Thrift Shop","tagline":"It's a steal!","slug":"gt-thrift-shop","url":"http://devpost.com/software/gt-thrift-shop","members":["srijansood","adwaydhillon"],"tags":["ebay","java","android"],"winner":false,"photo":"https://challengepost-s3-challengepost.netdna-ssl.com/photos/production/software_photos/000/161/715/datas/small.jpg","has_video":false,"like_count":2,"comment_count":0},{"class_name":"Software","name":"SafetyNet","tagline":"A rapid response disaster relief system","slug":"safetynet-j2o4x","url":"http://devpost.com/software/safetynet-j2o4x","members":["dragonrider0o0","jazares","jzhengimin"],"tags":["c#","google-maps","html5","jasons","javascript","sendgrid-api","twilliio","web"],"winner":false,"photo":"https://challengepost-s3-challengepost.netdna-ssl.com/photos/production/software_photos/000/161/703/datas/small.jpg","has_video":false,"like_count":0,"comment_count":0},{"class_name":"Software","name":"Flip","tagline":"A shape manipulation puzzle game. Use \"flips\" to complete levels in as few moves as possible. ","slug":"flip","url":"http://devpost.com/software/flip","members":["charliebryant77"],"tags":null,"winner":false,"photo":"https://challengepost-s3-challengepost.netdna-ssl.com/photos/production/software_photos/000/161/700/datas/small.jpg","has_video":false,"like_count":0,"comment_count":0},{"class_name":"Software","name":"ViziShare","tagline":"Visualize how your company shares content and engagement!","slug":"vizishare","url":"http://devpost.com/software/vizishare","members":["nohtalengineering","mugizijc","masevak","tdharma1"],"tags":["css3","d3.js","html5","javascript","web"],"winner":false,"photo":"https://challengepost-s3-challengepost.netdna-ssl.com/photos/production/software_photos/000/162/067/datas/small.PNG","has_video":false,"like_count":6,"comment_count":0},{"class_name":"Software","name":"Cloudpin","tagline":"Always know the interesting people and things around you.","slug":"cloudpin-hrgl7","url":"http://devpost.com/software/cloudpin-hrgl7","members":["mthomas9"],"tags":["node.js","ios"],"winner":false,"photo":"https://challengepost-s3-challengepost.netdna-ssl.com/photos/production/software_photos/000/161/697/datas/small.png","has_video":false,"like_count":0,"comment_count":0},{"class_name":"Software","name":"HomeHacker","tagline":"HomeHacker allows you to quickly automate your home cheaply and with ease.","slug":"homehacker","url":"http://devpost.com/software/homehacker","members":["tommezaros","harsha-nori"],"tags":["c#","intel-edison","python","visual-studio","hardware","windows-phone"],"winner":false,"photo":"https://challengepost-s3-challengepost.netdna-ssl.com/photos/production/software_photos/000/161/694/datas/small.JPG","has_video":false,"like_count":1,"comment_count":0},{"class_name":"Software","name":"FigMint","tagline":"An app to make studying effortless","slug":"figmint","url":"http://devpost.com/software/figmint","members":["smitchell38"],"tags":["swift","ios"],"winner":false,"photo":"https://challengepost-s3-challengepost.netdna-ssl.com/photos/production/software_photos/000/161/688/datas/small.png","has_video":false,"like_count":0,"comment_count":0},{"class_name":"Software","name":"Banandom","tagline":"The dumbest game that you can't stop playing","slug":"banandom","url":"http://devpost.com/software/banandom","members":["jarvl","jonahback","dotcontent","thechakwaina"],"tags":["html5","javascript","meteor.js","node.js","web"],"winner":false,"photo":"https://challengepost-s3-challengepost.netdna-ssl.com/photos/production/software_photos/000/161/683/datas/small.png","has_video":false,"like_count":0,"comment_count":0},{"class_name":"Software","name":"Airbox","tagline":"Craigslist augmented with smart contracts and smart hardware.","slug":"airbox","url":"http://devpost.com/software/airbox","members":["jamescarlus"],"tags":["arduino","hardware","python","raspberry-pi"],"winner":false,"photo":"https://challengepost-s3-challengepost.netdna-ssl.com/photos/production/software_photos/000/161/675/datas/small.JPG","has_video":false,"like_count":3,"comment_count":0},{"class_name":"Software","name":"ShortWeb","tagline":"Summarizing the world.","slug":"shortweb-per38","url":"http://devpost.com/software/shortweb-per38","members":["randrade6","palcock3","bhassan6"],"tags":["css3","firebase","html5","javascript","mac","web","windows"],"winner":false,"photo":"https://challengepost-s3-challengepost.netdna-ssl.com/photos/production/software_photos/000/161/671/datas/small.png","has_video":false,"like_count":0,"comment_count":1},{"class_name":"Software","name":"Crowdsourced DJ","tagline":"SMS powered jukebox that allows users to suggest and vote on songs","slug":"crowdsourced-dj","url":"http://devpost.com/software/crowdsourced-dj","members":["anwesha","fangmob","azamabdul","ipmichael"],"tags":["ajax","coinbase","css","javascript","ruby","twilio","web"],"winner":false,"photo":"https://challengepost-s3-challengepost.netdna-ssl.com/photos/production/software_photos/000/161/666/datas/small.png","has_video":false,"like_count":0,"comment_count":0},{"class_name":"Software","name":"CatPlay","tagline":"It's a remote gesture control based system that let pet owners interact with pets. ","slug":"catplay","url":"http://devpost.com/software/catplay","members":["otherworldman","zerocat","lzzcd001","ivandariojr","carmen78"],"tags":["c","c++","embedded","gesture","leap-motion","microcontroller","multithreading","objective-c","python","rest","server","twisted","web","hardware","mac"],"winner":false,"photo":"https://challengepost-s3-challengepost.netdna-ssl.com/photos/production/software_photos/000/161/661/datas/small.JPG","has_video":true,"like_count":2,"comment_count":0},{"class_name":"Software","name":"Reflection","tagline":"The app  that allows you to take a second look a life","slug":"reflection","url":"http://devpost.com/software/reflection","members":["guezandy","thecpe"],"tags":["android","parse"],"winner":false,"photo":"https://challengepost-s3-challengepost.netdna-ssl.com/photos/production/software_photos/000/161/648/datas/small.png","has_video":false,"like_count":0,"comment_count":0},{"class_name":"Software","name":"SafetyNet","tagline":"A rapid response disaster relief system","slug":"safetynet-cke76","url":"http://devpost.com/software/safetynet-cke76","members":["jazares","dragonrider0o0","uxrig","jzhengimin"],"tags":["c-sharp","css3","google-maps","html5","javascript","json","sendgrid-api","twilio","android","ios","mac","web","windows","windows-phone"],"winner":false,"photo":"https://challengepost-s3-challengepost.netdna-ssl.com/photos/production/software_photos/000/161/631/datas/small.png","has_video":false,"like_count":0,"comment_count":0},{"class_name":"Software","name":"Heatmapp","tagline":"UI analytics for Android","slug":"heatmapp","url":"http://devpost.com/software/heatmapp","members":["dabigdawggy","natemccord"],"tags":["android","google-maps","java","parse","xml"],"winner":true,"photo":"https://challengepost-s3-challengepost.netdna-ssl.com/photos/production/software_photos/000/161/624/datas/small.png","has_video":false,"like_count":1,"comment_count":2},{"class_name":"Software","name":"Geotest Google","tagline":"Just testing some Google Geolocation w/ some JS","slug":"geotest-google","url":"http://devpost.com/software/geotest-google","members":["street_anthem"],"tags":["web"],"winner":false,"photo":"https://challengepost-s3-challengepost.netdna-ssl.com/photos/production/software_photos/000/161/623/datas/small.png","has_video":false,"like_count":0,"comment_count":0},{"class_name":"Software","name":"SafetyNet","tagline":"A rapid response disaster relief system","slug":"safetynet-n4yca","url":"http://devpost.com/software/safetynet-n4yca","members":["uxrig","dragonrider0o0","jazares","jzhengimin"],"tags":["azure","c#","google-maps","html5","jason","javascript","sendgrid","twilio","web"],"winner":false,"photo":"https://challengepost-s3-challengepost.netdna-ssl.com/photos/production/software_photos/000/161/608/datas/small.png","has_video":false,"like_count":0,"comment_count":0},{"class_name":"Software","name":"Room Mate","tagline":"This web application keeps track of the different tasks and shared items for living with room mates.","slug":"room-mate","url":"http://devpost.com/software/room-mate","members":["twash","knigam"],"tags":["css","html","mailchimp","ruby","ruby-on-rails","twilio","web"],"winner":false,"photo":"https://challengepost-s3-challengepost.netdna-ssl.com/photos/production/software_photos/000/161/601/datas/small.png","has_video":false,"like_count":0,"comment_count":0},{"class_name":"Software","name":"Lightapillar","tagline":"Six feet of fun","slug":"lightapillar","url":"http://devpost.com/software/lightapillar","members":["eon8ight","nlowell"],"tags":["arduino","atmel","c","c++","intel-edison","grove","minim","hardware"],"winner":false,"photo":"https://challengepost-s3-challengepost.netdna-ssl.com/photos/production/software_photos/000/161/594/datas/small.jpg","has_video":false,"like_count":0,"comment_count":0},{"class_name":"Software","name":"Dragon Fly","tagline":"Mindless Addiction ","slug":"dragon-fly","url":"http://devpost.com/software/dragon-fly","members":["kingkendrick","lenell16"],"tags":["ios","sprite-kit"],"winner":false,"photo":"https://challengepost-s3-challengepost.netdna-ssl.com/photos/production/software_photos/000/161/593/datas/small.png","has_video":false,"like_count":0,"comment_count":0},{"class_name":"Software","name":"ARDarts","tagline":"Augmented reality dart game.","slug":"ardarts","url":"http://devpost.com/software/ardarts","members":["strongtheory","sagarlaud","abranch6","ajmalk"],"tags":["opencv","pthreads","sfml","hardware"],"winner":false,"photo":"https://challengepost-s3-challengepost.netdna-ssl.com/photos/production/software_photos/000/161/591/datas/small.jpg","has_video":false,"like_count":0,"comment_count":0},{"class_name":"Software","name":"BabelBoard","tagline":"A new iOS8 keyboard that translates text, or solve inline math problems","slug":"babelboard","url":"http://devpost.com/software/babelboard","members":["mftech","jaredmoskowitz"],"tags":["objective-c","parse","swift","ios"],"winner":true,"photo":"https://challengepost-s3-challengepost.netdna-ssl.com/photos/production/software_photos/000/161/588/datas/small.PNG","has_video":false,"like_count":1,"comment_count":3},{"class_name":"Software","name":"blankd","tagline":"Build a fortress, fight a fortress","slug":"blankd-gwqgx","url":"http://devpost.com/software/blankd-gwqgx","members":["miloignis","hirolord","lotusronin","ozi223"],"tags":["d","derelict","dmd","dub","linux","mac","opengl","sdl","sublime-text","vim","windows"],"winner":false,"photo":"https://challengepost-s3-challengepost.netdna-ssl.com/photos/production/software_photos/000/161/585/datas/small.png","has_video":false,"like_count":1,"comment_count":0},{"class_name":"Software","name":"SVG Landing Page","tagline":"Simple SVG animated landing page","slug":"svg-landing-page","url":"http://devpost.com/software/svg-landing-page","members":["hackbyrd"],"tags":["css3","html5","javascript","web"],"winner":false,"photo":"https://challengepost-s3-challengepost.netdna-ssl.com/photos/production/software_photos/000/161/582/datas/small.png","has_video":true,"like_count":0,"comment_count":0},{"class_name":"Software","name":"OneSync","tagline":"Start here. Resume anywhere. ","slug":"onesync","url":"http://devpost.com/software/onesync","members":["rajprateek","mohit1234","ishaangrover","tponkshe"],"tags":["onedrive","python","mac","windows"],"winner":true,"photo":"https://challengepost-s3-challengepost.netdna-ssl.com/photos/production/software_photos/000/161/574/datas/small.png","has_video":false,"like_count":4,"comment_count":0},{"class_name":"Software","name":"Karma","tagline":"Kindness as a currency.","slug":"karma-83fgl","url":"http://devpost.com/software/karma-83fgl","members":["simonorlovsky","pitkofskyj","abdih"],"tags":["css","html","javascript","objective-c","parse","ios"],"winner":false,"photo":"https://challengepost-s3-challengepost.netdna-ssl.com/photos/production/software_photos/000/161/566/datas/small.png","has_video":false,"like_count":0,"comment_count":0},{"class_name":"Software","name":"FlySwatter","tagline":"Scan flyers and automatically add to calendar","slug":"flyswatter","url":"http://devpost.com/software/flyswatter","members":["ldong1","anuragkyal","thanhquanky"],"tags":["coffeescript","node.js","objective-c","tesseract","ios"],"winner":false,"photo":"https://challengepost-s3-challengepost.netdna-ssl.com/photos/production/software_photos/000/161/558/datas/small.png","has_video":false,"like_count":0,"comment_count":2},{"class_name":"Software","name":"CrowdDeliver","tagline":"You're already picking up fast food, why not get paid for it?","slug":"crowddeliver","url":"http://devpost.com/software/crowddeliver","members":["purdueacm"],"tags":["objective-c","parse","xcode","ios"],"winner":false,"photo":"https://challengepost-s3-challengepost.netdna-ssl.com/photos/production/software_photos/000/161/549/datas/small.png","has_video":false,"like_count":0,"comment_count":0},{"class_name":"Software","name":"Exchange o' Gram","tagline":"The college thrift shop","slug":"exchange-o-gram","url":"http://devpost.com/software/exchange-o-gram","members":["nikhil896","skumar311","aakarshanbhardwaj","agubba3"],"tags":["parse","android-studio","twilio","android"],"winner":false,"photo":"https://challengepost-s3-challengepost.netdna-ssl.com/photos/production/software_photos/000/161/537/datas/small.jpg","has_video":false,"like_count":2,"comment_count":0},{"class_name":"Software","name":"SwagSwap","tagline":"Where hackathon swag is swapped... fo' free!","slug":"swagswap","url":"http://devpost.com/software/swagswap","members":["caskeyrb","mattohagan"],"tags":["css","html","javascript","parse","web"],"winner":false,"photo":"https://challengepost-s3-challengepost.netdna-ssl.com/photos/production/software_photos/000/161/526/datas/small.png","has_video":false,"like_count":0,"comment_count":0},{"class_name":"Software","name":"PocketBoard","tagline":"Carry an infinitely large whiteboard in your pocket.","slug":"pocketboard","url":"http://devpost.com/software/pocketboard","members":["arithehun"],"tags":["android","cardboard","firebase","google-cardboard","java","javascript","leap-motion","web"],"winner":false,"photo":"https://challengepost-s3-challengepost.netdna-ssl.com/photos/production/software_photos/000/161/525/datas/small.png","has_video":false,"like_count":0,"comment_count":0},{"class_name":"Software","name":"Spark Remote","tagline":"A network controlled IR blaster with a companion app to replace all of those terrible remotes.","slug":"spark-remote","url":"http://devpost.com/software/spark-remote","members":["jpfeltracco","keenanrnicholson","npnicholson"],"tags":["ios","particle","hardware"],"winner":false,"photo":"https://challengepost-s3-challengepost.netdna-ssl.com/photos/production/software_photos/000/161/517/datas/small.png","has_video":false,"like_count":0,"comment_count":0},{"class_name":"Software","name":"Quesi-ton | What are you wondering?","tagline":"We're all wondering... got something thought-provoking? Share it! Join our quest for discovery. Join Quesi-ton.","slug":"quesi-ton-what-are-you-wondering","url":"http://devpost.com/software/quesi-ton-what-are-you-wondering","members":["coolcharizard","cheapeone"],"tags":["angular.js","css3","db-ip","html5","mysql","php","tomcat","xampp","web"],"winner":false,"photo":"https://challengepost-s3-challengepost.netdna-ssl.com/photos/production/software_photos/000/161/504/datas/small.png","has_video":false,"like_count":0,"comment_count":0},{"class_name":"Software","name":"Pulsar","tagline":"Pulsar is a dynamic application that pushes and recieves data through SMS.","slug":"pulsar","url":"http://devpost.com/software/pulsar","members":["c-nolan","santos22","aaron7pm","chrisfindeisen"],"tags":["ios","mailchimp","rackspace","swift","twilio","android","windows-phone"],"winner":true,"photo":"https://challengepost-s3-challengepost.netdna-ssl.com/photos/production/software_photos/000/161/502/datas/small.png","has_video":false,"like_count":4,"comment_count":0},{"class_name":"Software","name":"QuickChoice","tagline":"Let's remove paradox from choices","slug":"quickchoice","url":"http://devpost.com/software/quickchoice","members":["imshashank","veosa","koek67","rheak"],"tags":["bootstrap","jquery","mashery","php","twilio","android","ios","web","windows-phone"],"winner":true,"photo":"https://challengepost-s3-challengepost.netdna-ssl.com/photos/production/software_photos/000/161/498/datas/small.jpg","has_video":false,"like_count":4,"comment_count":0},{"class_name":"Software","name":"SoundTable","tagline":"SoundTable is a beautiful visual and audio experience to share with strangers.","slug":"soundtable","url":"http://devpost.com/software/soundtable","members":["scdevy","pviolette3","yaozab","tingofurro"],"tags":["3js","leap-motion","php","pusher","wad","web"],"winner":false,"photo":"https://challengepost-s3-challengepost.netdna-ssl.com/photos/production/software_photos/000/162/376/datas/small.png","has_video":false,"like_count":1,"comment_count":0},{"class_name":"Software","name":"GradPad","tagline":"Moving somewhere new can be scary. You don't have to do it alone.","slug":"gradpad","url":"http://devpost.com/software/gradpad","members":["kunalp320","suren","dmachado"],"tags":["css3","facebook","google-maps","html5","javascript","mysql","ruby","ruby-on-rails","yelp","web"],"winner":false,"photo":"https://challengepost-s3-challengepost.netdna-ssl.com/photos/production/software_photos/000/161/471/datas/small.png","has_video":false,"like_count":0,"comment_count":1},{"class_name":"Software","name":"noWWW","tagline":"Don't let your internet connection control your life. There's an app that gets you what's important, Offline","slug":"nowww","url":"http://devpost.com/software/nowww","members":["shahharsh2603","abhithaparian","pranavosu"],"tags":["android","flask","heroku","python","ios","windows-phone"],"winner":false,"photo":"https://challengepost-s3-challengepost.netdna-ssl.com/photos/production/software_photos/000/161/456/datas/small.png","has_video":false,"like_count":1,"comment_count":1},{"class_name":"Software","name":"Idea to Market","tagline":"Make your start up idea more possible","slug":"idea-to-market","url":"http://devpost.com/software/idea-to-market","members":["becorc01","raarathi"],"tags":["android","bloomberg","java","xml"],"winner":false,"photo":"https://challengepost-s3-challengepost.netdna-ssl.com/photos/production/software_photos/000/161/454/datas/small.png","has_video":false,"like_count":0,"comment_count":0},{"class_name":"Software","name":"GetIt! App","tagline":"After you're kick-started get motivated with GetIt!","slug":"getit-app","url":"http://devpost.com/software/getit-app","members":["seesaga","jrdbnntt","aak12b"],"tags":["apache","bootstrap","centos-7","css3","dropbox","github","html5","javascript","phalconphp","php5","sendgrid","volt","web"],"winner":false,"photo":"https://challengepost-s3-challengepost.netdna-ssl.com/photos/production/software_photos/000/161/452/datas/small.PNG","has_video":false,"like_count":0,"comment_count":1},{"class_name":"Software","name":"Pebble Locator","tagline":"The Pebble Locator allows you to store GPS locations of places you have been and later leads you back to them.","slug":"pebble-locator","url":"http://devpost.com/software/pebble-locator","members":["harisgodil","seangillen","jeffreyfalgout","fraserhood"],"tags":["android","android-bluetooth","android-studio","c","java","pebble-compass","pebble","socket","hardware","windows"],"winner":false,"photo":"https://challengepost-s3-challengepost.netdna-ssl.com/photos/production/software_photos/000/161/448/datas/small.jpg","has_video":false,"like_count":0,"comment_count":0},{"class_name":"Software","name":"Lip Reader","tagline":"Reads lips using feature detection","slug":"lip-reader","url":"http://devpost.com/software/lip-reader","members":["joshvorick"],"tags":["c","c++","computer-vision","facedetection","haar","linux","opencv","surf","video","webcam","windows"],"winner":false,"photo":"https://challengepost-s3-challengepost.netdna-ssl.com/photos/production/software_photos/000/161/443/datas/small.jpg","has_video":false,"like_count":0,"comment_count":0},{"class_name":"Software","name":"Snakeduino","tagline":"Snake? SNAKE!? SNAAAAAAAAAAKKKKEEEE!!!!","slug":"snakeduino","url":"http://devpost.com/software/snakeduino","members":["jtamayo6"],"tags":["arduino","ulcd-144-g2","hardware"],"winner":false,"photo":"https://challengepost-s3-challengepost.netdna-ssl.com/photos/production/software_photos/000/161/438/datas/small.jpeg","has_video":true,"like_count":0,"comment_count":0},{"class_name":"Software","name":"Recipease ","tagline":"Why not have someone else decide what's for dinner?","slug":"recipease","url":"http://devpost.com/software/recipease","members":["ksudu94"],"tags":["java","sql","xml","yummly","android"],"winner":false,"photo":"https://challengepost-s3-challengepost.netdna-ssl.com/photos/production/software_photos/000/161/436/datas/small.jpg","has_video":false,"like_count":0,"comment_count":0},{"class_name":"Software","name":"Eris","tagline":"DHCP is weak, Eris breaks it.","slug":"eris","url":"http://devpost.com/software/eris","members":["ifiht"],"tags":["berkeley-sockets","mac"],"winner":false,"photo":"https://challengepost-s3-challengepost.netdna-ssl.com/photos/production/software_photos/000/161/434/datas/small.png","has_video":false,"like_count":0,"comment_count":0},{"class_name":"Software","name":"Rebay","tagline":"We buy so You don't have to! ","slug":"rebay","url":"http://devpost.com/software/rebay","members":["cmeks","jamesstephens5815","ameche"],"tags":["ajax","css","ebay","html","javascript","jquery","mailchimp","paypal","ruby","ruby-gems","ruby-on-rails","sql","bootstrap","android","mac","web","windows","windows-phone"],"winner":false,"photo":"https://challengepost-s3-challengepost.netdna-ssl.com/photos/production/software_photos/000/161/429/datas/small.png","has_video":false,"like_count":0,"comment_count":0},{"class_name":"Software","name":"TheyShouldHaveThis","tagline":"An idea network to expedite product development by starting from the consumer! ","slug":"theyshouldhavethis","url":"http://devpost.com/software/theyshouldhavethis","members":["aniruddha0828","chingchi","irapha","mobyvb"],"tags":["express.js","jade","mongodb","node.js","reactjs","style","web"],"winner":false,"photo":"https://challengepost-s3-challengepost.netdna-ssl.com/photos/production/software_photos/000/161/423/datas/small.png","has_video":false,"like_count":0,"comment_count":0},{"class_name":"Software","name":"NetherHub","tagline":"Zero-configuration gaming proxy","slug":"netherhub","url":"http://devpost.com/software/netherhub","members":["deltawhy"],"tags":["go","gtk","pygtk","python","redis","windows"],"winner":false,"photo":"https://challengepost-s3-challengepost.netdna-ssl.com/photos/production/software_photos/000/161/415/datas/small.png","has_video":false,"like_count":0,"comment_count":0},{"class_name":"Software","name":"Thank You HackGT Sponsors","tagline":"HackGT/Sponsor-Themed Local 2-Player Battle Arena Game Selling Price! ","slug":"thank-you-hackgt-sponsors","url":"http://devpost.com/software/thank-you-hackgt-sponsors","members":["imdigitaljim"],"tags":["c#","unity"],"winner":false,"photo":"https://challengepost-s3-challengepost.netdna-ssl.com/photos/production/software_photos/000/161/410/datas/small.png","has_video":false,"like_count":0,"comment_count":0},{"class_name":"Software","name":"Smart Umbrella","tagline":"This umbrella figures out the optimal angle for you not to get wet.","slug":"smart-umbrella","url":"http://devpost.com/software/smart-umbrella","members":["gurpr337"],"tags":["hardware"],"winner":false,"photo":"https://challengepost-s3-challengepost.netdna-ssl.com/photos/production/software_photos/000/161/408/datas/small.jpg","has_video":false,"like_count":1,"comment_count":0},{"class_name":"Software","name":"hapmotu","tagline":"hapmotu: touch engineered, augmenting reality to your fingertips","slug":"hapmotu","url":"http://devpost.com/software/hapmotu","members":["alexafay","michaellin"],"tags":["arduino","leap-motion","python","particle","windows"],"winner":false,"photo":"https://challengepost-s3-challengepost.netdna-ssl.com/photos/production/software_photos/000/161/401/datas/small.png","has_video":false,"like_count":2,"comment_count":0},{"class_name":"Software","name":"Project KINA ( Keyboard Intelligent Node Analysis)","tagline":"wearable predictive keyboard","slug":"project-kina","url":"http://devpost.com/software/project-kina","members":["dandiferr","jakew32","hobo4sale","thechungster"],"tags":["android","arduino","c","intel-edison","pebble","python","hardware","windows"],"winner":false,"photo":"https://challengepost-s3-challengepost.netdna-ssl.com/photos/production/software_photos/000/161/399/datas/small.png","has_video":true,"like_count":2,"comment_count":1},{"class_name":"Software","name":"Impress Me","tagline":"Getting you there, before you know where you're going. ","slug":"impress-me","url":"http://devpost.com/software/impress-me","members":["mrpectyo","patelkeyur","hamologist"],"tags":["css3","eventful-api","html5","javascript","ruby-on-rails","sqlite","uber","web"],"winner":false,"photo":"https://challengepost-s3-challengepost.netdna-ssl.com/photos/production/software_photos/000/161/394/datas/small.png","has_video":false,"like_count":0,"comment_count":0},{"class_name":"Software","name":"Tweet Map","tagline":"Heat Maps for Twitter","slug":"tweet-map","url":"http://devpost.com/software/tweet-map","members":["caltonji","louisaw","cdbattags","abertrand"],"tags":["express.js","jade","mongoose","node.js","oauth","sentiment","twitter","web"],"winner":true,"photo":"https://challengepost-s3-challengepost.netdna-ssl.com/photos/production/software_photos/000/161/391/datas/small.png","has_video":false,"like_count":0,"comment_count":0},{"class_name":"Software","name":"Leapsticks","tagline":"The same chopsticks game you know and love but over a web app using the Leap Motion device!","slug":"leapsticks-4xejv","url":"http://devpost.com/software/leapsticks-4xejv","members":["theoriginalak47","jgissend10","jraviles"],"tags":["javascript","node.js","hardware","web"],"winner":false,"photo":"https://challengepost-s3-challengepost.netdna-ssl.com/photos/production/software_photos/000/161/389/datas/small.png","has_video":false,"like_count":1,"comment_count":0},{"class_name":"Software","name":"Cambitio","tagline":"Peer reviews","slug":"cambitio","url":"http://devpost.com/software/cambitio","members":["kflansburg","benjwrdill"],"tags":["heroku","html5","jquery","postgresql","ruby-on-rails","sendgrid","web"],"winner":false,"photo":"https://challengepost-s3-challengepost.netdna-ssl.com/photos/production/software_photos/000/161/377/datas/small.png","has_video":false,"like_count":0,"comment_count":0},{"class_name":"Software","name":"Huetifications","tagline":"Interfacing your digital life with the real world","slug":"huetifications","url":"http://devpost.com/software/huetifications","members":["djhm3"],"tags":["android","ebay","internet-of-things","java","notifications","philips-hue","smart-home","smartbulb","uber","hardware"],"winner":false,"photo":"https://challengepost-s3-challengepost.netdna-ssl.com/photos/production/software_photos/000/161/367/datas/small.png","has_video":true,"like_count":0,"comment_count":0},{"class_name":"Software","name":"Graffiti Gallery!","tagline":"Lets users view Graffiti other have uploaded","slug":"graffiti-gallery","url":"http://devpost.com/software/graffiti-gallery","members":["jwin742"],"tags":["android","java","azure"],"winner":false,"photo":"https://challengepost-s3-challengepost.netdna-ssl.com/photos/production/software_photos/000/161/362/datas/small.png","has_video":false,"like_count":0,"comment_count":0},{"class_name":"Software","name":"PartybLocks","tagline":"Simple, secure, storage with safety in mind.","slug":"partyblocks","url":"http://devpost.com/software/partyblocks","members":["earlda","t11230","frankroetker","carterj3"],"tags":["arduino","beaglebone-black","node.js","numpy","python","socket.io","hardware","web"],"winner":true,"photo":"https://challengepost-s3-challengepost.netdna-ssl.com/photos/production/software_photos/000/161/360/datas/small.png","has_video":false,"like_count":0,"comment_count":0},{"class_name":"Software","name":"Graveyard Rift","tagline":"Destroy demons with a wave of your hand.","slug":"graveyard-rift","url":"http://devpost.com/software/graveyard-rift","members":["ashaw596","danielzuot","jonathanjemson","jgupta7"],"tags":["c#","javascript","leap-motion","oculus","unity","hardware","mac","windows"],"winner":false,"photo":"https://challengepost-s3-challengepost.netdna-ssl.com/photos/production/software_photos/000/161/346/datas/small.png","has_video":true,"like_count":0,"comment_count":0},{"class_name":"Software","name":"Instance","tagline":"Instance: Discover the world. Share Your Memories. Relive the Experience. ","slug":"instance","url":"http://devpost.com/software/instance","members":["oloruntobi","nvirag","andrewgiang"],"tags":["android","android-studio","html","java","jquery","parse","responsive","sketch"],"winner":false,"photo":"https://challengepost-s3-challengepost.netdna-ssl.com/photos/production/software_photos/000/161/340/datas/small.png","has_video":false,"like_count":1,"comment_count":0},{"class_name":"Software","name":"Cherry Picks","tagline":"An elegant simplification of finding and reviewing products, allowing users to easily narrow their preferences.","slug":"cherry-picks","url":"http://devpost.com/software/cherry-picks","members":["r0hanahuja","julia-eng","cwatts22","felixvelariusbos"],"tags":["best-buy","javascript","mashery","php","bootstrap","web"],"winner":false,"photo":"https://challengepost-s3-challengepost.netdna-ssl.com/photos/production/software_photos/000/161/335/datas/small.png","has_video":false,"like_count":0,"comment_count":0},{"class_name":"Software","name":"Unity/Leap 3D Modeling Basics","tagline":"Create basic shapes and navigate 3D space using your hands","slug":"unity-leap-3d-modeling-basics","url":"http://devpost.com/software/unity-leap-3d-modeling-basics","members":["justinnle"],"tags":["leap-motion","unity","hardware","web","windows"],"winner":false,"photo":"https://challengepost-s3-challengepost.netdna-ssl.com/photos/production/software_photos/000/161/331/datas/small.jpg","has_video":false,"like_count":0,"comment_count":0},{"class_name":"Software","name":"Lurcat","tagline":"Framework(s) as a service and advanced project scaffolding.","slug":"lurcat","url":"http://devpost.com/software/lurcat","members":["cuttlesoft","danieltimpone","emilyemorehouse","adambsteele"],"tags":["flask","python","web"],"winner":true,"photo":"https://challengepost-s3-challengepost.netdna-ssl.com/photos/production/software_photos/000/161/326/datas/small.png","has_video":false,"like_count":0,"comment_count":0},{"class_name":"Software","name":"m.emori.es","tagline":"realtime collaborative, living itineraries ","slug":"m-emori-es","url":"http://devpost.com/software/m-emori-es","members":["kingles","ckknight","asilluron"],"tags":["angular.js","bootstrap","javascript","mongodb","mongoose","node.js","web"],"winner":false,"photo":"https://challengepost-s3-challengepost.netdna-ssl.com/photos/production/software_photos/000/161/323/datas/small.png","has_video":true,"like_count":2,"comment_count":0},{"class_name":"Software","name":"Frift","tagline":"A virtual world powered by Oculus Rift with deep Facebook integration.","slug":"frift","url":"http://devpost.com/software/frift","members":["ppark36","viveksrinivasan","emendoza","jmoak3"],"tags":["facebook-graph","html5","javascript","jquery","knockout.js","oculus","teamspeak","unity","mac","web","windows"],"winner":false,"photo":"https://challengepost-s3-challengepost.netdna-ssl.com/photos/production/software_photos/000/161/319/datas/small.jpg","has_video":false,"like_count":0,"comment_count":2},{"class_name":"Software","name":"Smelectric Blanket","tagline":"The blanket that keeps you more than warm ;)","slug":"smelectric-blanket","url":"http://devpost.com/software/smelectric-blanket","members":["amy-shu","christopherjwang","xlxzbisulyn"],"tags":["android","arduino","cylon","eclipse","firebase","intel-edison","java","javascript","terminal","hardware"],"winner":false,"photo":"https://challengepost-s3-challengepost.netdna-ssl.com/photos/production/software_photos/000/161/309/datas/small.jpg","has_video":false,"like_count":0,"comment_count":0},{"class_name":"Software","name":"Who to hoot?","tagline":"An app that tells Bryn Mawr students who they can \"hoot\" if they have trouble!","slug":"who-to-hoot","url":"http://devpost.com/software/who-to-hoot","members":["calla"],"tags":["best-buy","css","google-app-engine","html","jinja","mashery","python","bootstrap","web"],"winner":false,"photo":"https://challengepost-s3-challengepost.netdna-ssl.com/photos/production/software_photos/000/161/304/datas/small.png","has_video":false,"like_count":0,"comment_count":0},{"class_name":"Software","name":"Sublime Tasks","tagline":"Intelligent todos.","slug":"sublime-tasks","url":"http://devpost.com/software/sublime-tasks","members":["tituswoo"],"tags":["angular.js","chrono.js","css","html","javascript","momentj","web"],"winner":false,"photo":"https://challengepost-s3-challengepost.netdna-ssl.com/photos/production/software_photos/000/161/297/datas/small.png","has_video":false,"like_count":0,"comment_count":0},{"class_name":"Software","name":"TapThat","tagline":"I'd Tap That","slug":"tapthat","url":"http://devpost.com/software/tapthat","members":["twang35","benchangemory"],"tags":["phonegap","javascript","jquery","node.js","socket.io","android","ios"],"winner":false,"photo":"https://challengepost-s3-challengepost.netdna-ssl.com/photos/production/software_photos/000/161/294/datas/small.png","has_video":false,"like_count":2,"comment_count":1},{"class_name":"Software","name":"Hack My Healthcare","tagline":"Take control of your healthcare data","slug":"hack-my-healthcare","url":"http://devpost.com/software/hack-my-healthcare","members":["dpeet"],"tags":["html5","javascript","meteor.js","responsive","bootstrap","web"],"winner":false,"photo":"https://challengepost-s3-challengepost.netdna-ssl.com/photos/production/software_photos/000/161/284/datas/small.png","has_video":false,"like_count":0,"comment_count":0},{"class_name":"Software","name":"Box of Dreams","tagline":"A 3D display capable of portraying anything -- even your dreams.","slug":"box-of-dreams","url":"http://devpost.com/software/box-of-dreams","members":["amelius","rniemo","marchese29"],"tags":["c++","java","kinect","point-cloud-library","hardware","mac","windows"],"winner":true,"photo":"https://challengepost-s3-challengepost.netdna-ssl.com/photos/production/software_photos/000/161/277/datas/small.jpg","has_video":true,"like_count":9,"comment_count":2},{"class_name":"Software","name":"KeySaver","tagline":"Program that saves everything you type and filter them into categories to make it easier to find the texts you lost.","slug":"ha-dao","url":"http://devpost.com/software/ha-dao","members":["hadao"],"tags":["visual-basic","windows"],"winner":false,"photo":"https://challengepost-s3-challengepost.netdna-ssl.com/photos/production/software_photos/000/161/271/datas/small.png","has_video":false,"like_count":0,"comment_count":0},{"class_name":"Software","name":"eBay Discovery","tagline":"eBay - Minimal \u0026amp; Cleaner","slug":"ebay-discovery","url":"http://devpost.com/software/ebay-discovery","members":["khareashwini","chemicalwonders","revantkumar"],"tags":["css3","d3.js","ebay","html5","javascript","python","visualization","web"],"winner":false,"photo":"https://challengepost-s3-challengepost.netdna-ssl.com/photos/production/software_photos/000/161/268/datas/small.png","has_video":false,"like_count":0,"comment_count":0},{"class_name":"Software","name":"Crowd Computing","tagline":"Big Data on Little Hardware","slug":"crowd-computing","url":"http://devpost.com/software/crowd-computing","members":["ayost3","j3gb3rt"],"tags":["angular.js","bash","html5","javascript","node.js","python","hardware","web"],"winner":false,"photo":"https://challengepost-s3-challengepost.netdna-ssl.com/photos/production/software_photos/000/161/262/datas/small.png","has_video":false,"like_count":0,"comment_count":0},{"class_name":"Software","name":"TempAlert","tagline":"Safety device to prevent heat stroke/death due to hot car","slug":"tempalert","url":"http://devpost.com/software/tempalert","members":["msrutiv"],"tags":["arduino","grove-sensors","intel-edison","python","twilio","hardware"],"winner":false,"photo":"https://challengepost-s3-challengepost.netdna-ssl.com/photos/production/software_photos/000/161/260/datas/small.jpg","has_video":false,"like_count":3,"comment_count":0},{"class_name":"Software","name":"Mobile Adventure","tagline":"Build classic adventure games and play them on the go!","slug":"mobile-adventure","url":"http://devpost.com/software/mobile-adventure","members":["amidlash","peterchen"],"tags":["css","html","javascript","json","php","twilio","android","ios","web"],"winner":false,"photo":"https://challengepost-s3-challengepost.netdna-ssl.com/photos/production/software_photos/000/161/257/datas/small.png","has_video":false,"like_count":0,"comment_count":0},{"class_name":"Software","name":"SafetyNet","tagline":"A rapid response disaster relief system","slug":"safetynet","url":"http://devpost.com/software/safetynet","members":["jzhengimin","dragonrider0o0","jazares","uxrig"],"tags":["azure","c#","css3","google-maps","html5","javascript","json","sendgrid-api","twilio","android","ios","mac","web","windows","windows-phone"],"winner":false,"photo":"https://challengepost-s3-challengepost.netdna-ssl.com/photos/production/software_photos/000/161/242/datas/small.png","has_video":false,"like_count":0,"comment_count":0},{"class_name":"Software","name":"Joviality.me","tagline":"Joy via reality! Spread more happiness by uploading your smile!","slug":"joviality-me","url":"http://devpost.com/software/joviality-me","members":["caincharrys","supermartian"],"tags":["ae","api","css","face++","html5","javascript","juery","node.js","vim","android","ios","windows"],"winner":false,"photo":"https://challengepost-s3-challengepost.netdna-ssl.com/photos/production/software_photos/000/161/234/datas/small.png","has_video":false,"like_count":0,"comment_count":0},{"class_name":"Software","name":"Robert Chen","tagline":"pillr - keeping you healthy, one pill at a time","slug":"robert-chen","url":"http://devpost.com/software/robert-chen","members":["rchen87","jamding","tobygosselin","tmzmou"],"tags":["android","c#","html","java","javascript","parse","php","python","scandit-product","twilio","bootstrap","xamarin","web","windows","windows-phone"],"winner":false,"photo":"https://challengepost-s3-challengepost.netdna-ssl.com/photos/production/software_photos/000/161/229/datas/small.jpeg","has_video":false,"like_count":0,"comment_count":0},{"class_name":"Software","name":"SharePlay","tagline":"Share and build playlists with friends using texts!","slug":"shareplay","url":"http://devpost.com/software/shareplay","members":["chetaldrich","walrus","wanchen"],"tags":["beats-music","bootstrap","css","html","javascript","jquery","meteor.js","mongodb","twilio","web"],"winner":false,"photo":"https://challengepost-s3-challengepost.netdna-ssl.com/photos/production/software_photos/000/161/223/datas/small.png","has_video":true,"like_count":0,"comment_count":0},{"class_name":"Software","name":"Studio Kiosk","tagline":"Kiosk system to help print queue management","slug":"studio-kiosk","url":"http://devpost.com/software/studio-kiosk","members":["lalaninatl","dhanani94"],"tags":["flask","python","twilio","mac","web"],"winner":false,"photo":"https://challengepost-s3-challengepost.netdna-ssl.com/photos/production/software_photos/000/161/221/datas/small.png","has_video":false,"like_count":0,"comment_count":0},{"class_name":"Software","name":"RhythmSlap","tagline":"Groove out to beats by slapping a guy’s face","slug":"rhythmslap","url":"http://devpost.com/software/rhythmslap","members":["joewang704","brianwang9100"],"tags":["objective-c","photoshop","pixelmator","spritebuilder","xcode","ios"],"winner":false,"photo":"https://challengepost-s3-challengepost.netdna-ssl.com/photos/production/software_photos/000/161/212/datas/small.png","has_video":false,"like_count":0,"comment_count":0},{"class_name":"Software","name":"BitBeacon","tagline":"Apple Pay for Bitcoin, using BitPay, Bluetooth LE, and Touch ID!","slug":"bitbeacon","url":"http://devpost.com/software/bitbeacon","members":["ethansinjin","jonahstarling"],"tags":["bitpay","bluetooth","objective-c","touch-id","ios"],"winner":true,"photo":"https://challengepost-s3-challengepost.netdna-ssl.com/photos/production/software_photos/000/161/205/datas/small.PNG","has_video":false,"like_count":3,"comment_count":0},{"class_name":"Software","name":"Cliq","tagline":"social microevent management","slug":"cliq","url":"http://devpost.com/software/cliq","members":["jamding","jakemor"],"tags":["apache","api","corona","facebook","ios","javascript","mysql","oauth","php","restful","twilio","yii","android"],"winner":false,"photo":"https://challengepost-s3-challengepost.netdna-ssl.com/photos/production/software_photos/000/161/200/datas/small.jpg","has_video":false,"like_count":0,"comment_count":0},{"class_name":"Software","name":"Ninja-Monkey Text","tagline":"An online IDE to make you go bananas!","slug":"ninja-monkey-text","url":"http://devpost.com/software/ninja-monkey-text","members":["keanublee","avloomco","hvpeteet"],"tags":["angular.js","bootstrap","css","drive","google","html","javascript","other","python","web"],"winner":false,"photo":"https://challengepost-s3-challengepost.netdna-ssl.com/photos/production/software_photos/000/161/192/datas/small.PNG","has_video":false,"like_count":0,"comment_count":0},{"class_name":"Software","name":"CodeGoggles","tagline":"Visualize your code","slug":"codegoggles","url":"http://devpost.com/software/codegoggles","members":["speshilk","vlugli","xyan"],"tags":["d3.js","html5","python","ruby","sinatra","sql","sqlparse","web"],"winner":false,"photo":"https://challengepost-s3-challengepost.netdna-ssl.com/photos/production/software_photos/000/161/186/datas/small.png","has_video":false,"like_count":0,"comment_count":0},{"class_name":"Software","name":"Thelo","tagline":"Crowdsourced platform which provides notifications about real-time, location-specific events relevant to you.","slug":"thelo","url":"http://devpost.com/software/thelo","members":["bgarg","keaganlong","waynelu","alexstelea"],"tags":["express.js","ios","javascript","json","mongodb","node.js","objective-c"],"winner":false,"photo":"https://challengepost-s3-challengepost.netdna-ssl.com/photos/production/software_photos/000/161/174/datas/small.jpg","has_video":true,"like_count":2,"comment_count":0},{"class_name":"Software","name":"WhatGT","tagline":"crowdsourced geolocation-levaraged event discovery ","slug":"whatgt","url":"http://devpost.com/software/whatgt","members":["kowtoes","bunsenmcdubbs","illegalprime","ynambiar"],"tags":["android","express.js","json","mongodb","mongoose","node.js","restful","web"],"winner":false,"photo":"https://challengepost-s3-challengepost.netdna-ssl.com/photos/production/software_photos/000/161/171/datas/small.png","has_video":false,"like_count":0,"comment_count":0},{"class_name":"Software","name":"Pick Me Up","tagline":"PickMeUp uses emotional analysis on texts to help customers go to businesses that will make their day better","slug":"pick-me-up","url":"http://devpost.com/software/pick-me-up","members":["kevmaster","captjakk","greedoid","tobdeeps"],"tags":["android","mashery","python","sentiment-analysis","uber"],"winner":true,"photo":"https://challengepost-s3-challengepost.netdna-ssl.com/photos/production/software_photos/000/161/169/datas/small.png","has_video":false,"like_count":5,"comment_count":0},{"class_name":"Software","name":"FYINC","tagline":"FYI Not Coming","slug":"fyinc","url":"http://devpost.com/software/fyinc","members":["forestturtle","tsage","nemonocerater"],"tags":["css","html","mailchimp","php","web"],"winner":false,"photo":"https://challengepost-s3-challengepost.netdna-ssl.com/photos/production/software_photos/000/161/165/datas/small.jpg","has_video":false,"like_count":0,"comment_count":0},{"class_name":"Software","name":"Touristr","tagline":"\"Tinder for tourists\"  - find people to go sightseeing with you","slug":"touristr","url":"http://devpost.com/software/touristr","members":["gberger","wangk1"],"tags":["addthis","angular.js","ruby-on-rails","web"],"winner":false,"photo":"https://challengepost-s3-challengepost.netdna-ssl.com/photos/production/software_photos/000/161/162/datas/small.png","has_video":false,"like_count":0,"comment_count":0},{"class_name":"Software","name":"The Button","tagline":"Work with the world to discover the secrets of the button and earn a high score.  Just don't let go... or else.","slug":"the-button","url":"http://devpost.com/software/the-button","members":["kevmaster","captjakk","greedoid","tobdeeps"],"tags":["android","digitalocean","flask","java","python"],"winner":false,"photo":"https://challengepost-s3-challengepost.netdna-ssl.com/photos/production/software_photos/000/161/158/datas/small.png","has_video":false,"like_count":1,"comment_count":0},{"class_name":"Software","name":"Five","tagline":"Loads the five closest food places to you and shows you how to get to them.","slug":"five","url":"http://devpost.com/software/five","members":["terrytangyuan","amittal43","ninebolt","allentsai"],"tags":["android","google","java"],"winner":false,"photo":"https://challengepost-s3-challengepost.netdna-ssl.com/photos/production/software_photos/000/161/153/datas/small.png","has_video":false,"like_count":0,"comment_count":0},{"class_name":"Software","name":"HueX","tagline":"Extending Hue's Possibilities","slug":"huex","url":"http://devpost.com/software/huex","members":["mebibyte","tylerpnn","bmcgarry3","hcahill3"],"tags":["chrome","javascript","philips-hue","hardware","web"],"winner":false,"photo":"https://challengepost-s3-challengepost.netdna-ssl.com/photos/production/software_photos/000/161/149/datas/small.png","has_video":true,"like_count":0,"comment_count":0},{"class_name":"Software","name":"Nudge","tagline":"Need a nudge?","slug":"nudge-h80im","url":"http://devpost.com/software/nudge-h80im","members":["noaml1","mozeryansky","bombergames","paulhwang96"],"tags":["css","html","javascript","php","web"],"winner":true,"photo":"https://challengepost-s3-challengepost.netdna-ssl.com/photos/production/software_photos/000/161/146/datas/small.png","has_video":false,"like_count":1,"comment_count":0},{"class_name":"Software","name":"ChatGT","tagline":"Anonymous live chat on every website.","slug":"chatgt","url":"http://devpost.com/software/chatgt","members":["davidkircos"],"tags":["firebase","chrome","javascript","mac","web","windows"],"winner":false,"photo":"https://challengepost-s3-challengepost.netdna-ssl.com/photos/production/software_photos/000/161/142/datas/small.png","has_video":false,"like_count":1,"comment_count":0},{"class_name":"Software","name":"CrowdChat","tagline":"Engage your audience.","slug":"crowdchat","url":"http://devpost.com/software/crowdchat","members":["sheehantoufiq"],"tags":["angular.js","firebase","google-geolocation","ionic","node.js","socket.io","apache","android","ios","web"],"winner":false,"photo":"https://challengepost-s3-challengepost.netdna-ssl.com/photos/production/software_photos/000/162/609/datas/small.png","has_video":false,"like_count":0,"comment_count":0},{"class_name":"Software","name":"ChimpAlert","tagline":"Alerting you with the sounds of nature","slug":"chimpalert","url":"http://devpost.com/software/chimpalert","members":["edomarc","tcheng","mihir007007","tianchuxie"],"tags":["arduino","php","python","hardware","web","windows"],"winner":false,"photo":"https://challengepost-s3-challengepost.netdna-ssl.com/photos/production/software_photos/000/161/133/datas/small.jpg","has_video":false,"like_count":0,"comment_count":0},{"class_name":"Software","name":"LeapSign","tagline":"Using LeapMotion to read American Sign Language","slug":"leapsign-qejau","url":"http://devpost.com/software/leapsign-qejau","members":["xyin","sidc93","priyadamico"],"tags":["eclipse","google-translate","java","leap-motion","web","windows"],"winner":true,"photo":"https://challengepost-s3-challengepost.netdna-ssl.com/photos/production/software_photos/000/161/123/datas/small.png","has_video":true,"like_count":2,"comment_count":0},{"class_name":"Software","name":"Phonely","tagline":"Omegle/Chat-Roulette texting service using Twilio","slug":"phonely","url":"http://devpost.com/software/phonely","members":["dcbenas","spzheng","crowe93","bkbolte18"],"tags":["asp.net","c#","django","microsoft","namecheap","python","sqlserver","twilio","bootstrap","android","ios","windows-phone"],"winner":true,"photo":"https://challengepost-s3-challengepost.netdna-ssl.com/photos/production/software_photos/000/161/116/datas/small.PNG","has_video":false,"like_count":0,"comment_count":0},{"class_name":"Software","name":"WhatDoYouRecommendFor.me","tagline":"Hungry for a recommendation?","slug":"whatdoyourecommendfor-me","url":"http://devpost.com/software/whatdoyourecommendfor-me","members":["sunheng","jimmynguyen","fmonteiro6"],"tags":["ajax","css3","html5","javascript","jquery","php","bootstrap","yelp","web"],"winner":false,"photo":"https://challengepost-s3-challengepost.netdna-ssl.com/photos/production/software_photos/000/161/112/datas/small.png","has_video":true,"like_count":0,"comment_count":0},{"class_name":"Software","name":"Lithium Music Production Center","tagline":"Music at your fingertips","slug":"lithium-music-production-center","url":"http://devpost.com/software/lithium-music-production-center","members":["kedwards38","amphy","hyperdimension"],"tags":["github","java","java.swing-library","javax.sound.sampled-library","leap-motion","notepad++","mac","windows"],"winner":false,"photo":"https://challengepost-s3-challengepost.netdna-ssl.com/photos/production/software_photos/000/161/105/datas/small.png","has_video":false,"like_count":0,"comment_count":0},{"class_name":"Software","name":"GT Web Print","tagline":"Unified printing solution for Georgia Tech via Web, Android and iOS.","slug":"gt-web-print","url":"http://devpost.com/software/gt-web-print","members":["yijiewang","yiqic1993","neil-lhm"],"tags":["apache","bootstrap","c","css","eclipse","html","java","javascript","jquery","php","swift","xcode","android","ios","web","windows"],"winner":false,"photo":"https://challengepost-s3-challengepost.netdna-ssl.com/photos/production/software_photos/000/161/096/datas/small.png","has_video":true,"like_count":1,"comment_count":1}]