[{"class_name":"Software","name":"Squirrel Repellent ","tagline":"Tired of squirrels harassing you? Eating your Chick-Fil-a fries outside the SAC? Fret no more. Download SQ today ;)","slug":"squirrel-repellent","url":"http://devpost.com/software/squirrel-repellent","members":["angelocff"],"tags":["android","java","xml"],"winner":false,"photo":"https://challengepost-s3-challengepost.netdna-ssl.com/photos/production/software_photos/000/297/333/datas/small.jpg","has_video":false,"like_count":2,"comment_count":0},{"class_name":"Software","name":"Rendezvous","tagline":"Get there together.","slug":"rendezvous-iylndj","url":"http://devpost.com/software/rendezvous-iylndj","members":["eabochasjauregui","carlosglvn","ctmuniz","alexhuerta"],"tags":["php5","laravel","jquery","android","mysql","javascript","html5"],"winner":false,"photo":"https://firefly-challengepost.netdna-ssl.com/usercontent/fill/242/161/cGhvdG9zL3Byb2R1Y3Rpb24vc29mdHdhcmVfdGh1bWJuYWlsX3Bob3Rvcy8wMDAvMjk3LzMwOC9kYXRhcy9vcmlnaW5hbC5QTkc=/Capture.PNG?signature=7b4d8261545e9a9fb9a85af99c52a701bcb0d80b","has_video":false,"like_count":0,"comment_count":0},{"class_name":"Software","name":"HistorTree","tagline":"Location based historic event finder for android","slug":"histortree-nuiy1p","url":"http://devpost.com/software/histortree-nuiy1p","members":["adamhleslie","ericliu"],"tags":["bluemix","android","java","android-studio"],"winner":false,"photo":null,"has_video":false,"like_count":0,"comment_count":0},{"class_name":"Software","name":"CarpoolSocialy","tagline":"Where sharing a ride can be fun","slug":"carpoolsocialy","url":"http://devpost.com/software/carpoolsocialy","members":["vinamravinay12"],"tags":["android","azure"],"winner":false,"photo":null,"has_video":false,"like_count":0,"comment_count":0},{"class_name":"Software","name":"CapitalOneHACKTX","tagline":"Remote transactions all at the click of a finger, locate the nearest ATM or Branch via your location","slug":"capitalonehacktx","url":"http://devpost.com/software/capitalonehacktx","members":["emmanuelpamintuanjr","kahlih"],"tags":["javascript","html","css"],"winner":false,"photo":"https://firefly-challengepost.netdna-ssl.com/usercontent/fill/242/161/cGhvdG9zL3Byb2R1Y3Rpb24vc29mdHdhcmVfdGh1bWJuYWlsX3Bob3Rvcy8wMDAvMjk3LzI4OS9kYXRhcy9vcmlnaW5hbC5wbmc=/landing.png?signature=d903dfd442596a7b56966d3498bc558ff8710160","has_video":false,"like_count":0,"comment_count":0},{"class_name":"Software","name":"Sensel Gesture Interface","tagline":"Like a swiping keyboard - but no absolute key locations. Plus a trackpad and shortcut buttons, just for grins.","slug":"sensel-gesture-keyboard","url":"http://devpost.com/software/sensel-gesture-keyboard","members":["dteal","jesseharrick"],"tags":["python","sensel-api"],"winner":false,"photo":"https://challengepost-s3-challengepost.netdna-ssl.com/photos/production/software_photos/000/297/321/datas/small.JPG","has_video":true,"like_count":1,"comment_count":0},{"class_name":"Software","name":"Oculo-Myo-Kinecto Hero","tagline":"Play guitar with dancing excited sugar rushed fruits by pressing a s d! wohoo","slug":"ballgame_unity","url":"http://devpost.com/software/ballgame_unity","members":["kaivan29"],"tags":["c#","unity","oculus","myo","kinect"],"winner":false,"photo":null,"has_video":false,"like_count":0,"comment_count":0},{"class_name":"Software","name":"Foodie","tagline":"Voice search for your food","slug":"foodie-mc1vj8","url":"http://devpost.com/software/foodie-mc1vj8","members":["meteo","nabirdinani","cindylxp","feeling951213","shastanair"],"tags":["java","android"],"winner":false,"photo":null,"has_video":false,"like_count":4,"comment_count":0},{"class_name":"Software","name":"President Trouble Town","tagline":"A game","slug":"president-trouble-town","url":"http://devpost.com/software/president-trouble-town","members":["ig2s4tg"],"tags":null,"winner":false,"photo":null,"has_video":false,"like_count":0,"comment_count":0},{"class_name":"Software","name":"Punderdome","tagline":"puns","slug":"punderdome","url":"http://devpost.com/software/punderdome","members":["gai","pescadl"],"tags":null,"winner":false,"photo":null,"has_video":false,"like_count":1,"comment_count":1},{"class_name":"Software","name":"Gimmy","tagline":"Life and death battle with a gigantic serpent, but entirely simulated with statistics","slug":"gimmy","url":"http://devpost.com/software/gimmy","members":["mustafam"],"tags":["python","random"],"winner":false,"photo":null,"has_video":false,"like_count":0,"comment_count":0},{"class_name":"Software","name":"KVRX Radio","tagline":"KVRX Radio, none of the hits, all of the time.","slug":"kvrx-radio","url":"http://devpost.com/software/kvrx-radio","members":["htmlwarriors","oscarflores","jmhern"],"tags":["java","android"],"winner":false,"photo":"https://firefly-challengepost.netdna-ssl.com/usercontent/fill/242/161/cGhvdG9zL3Byb2R1Y3Rpb24vc29mdHdhcmVfdGh1bWJuYWlsX3Bob3Rvcy8wMDAvMjk3LzMwNC9kYXRhcy9vcmlnaW5hbC5qcGc=/12043898_1105532052805262_1686761971_o.jpg?signature=e9f522c0945382e2a9dc4172e85153456dc46551","has_video":false,"like_count":3,"comment_count":0},{"class_name":"Software","name":"batrito","tagline":"DRONES","slug":"batrito","url":"http://devpost.com/software/batrito","members":["thechris"],"tags":null,"winner":false,"photo":null,"has_video":false,"like_count":0,"comment_count":0},{"class_name":"Software","name":"p0se","tagline":"Program that enable human-computer interaction through the use of poses.","slug":"p0se","url":"http://devpost.com/software/p0se","members":["aestrin","gregmcdonald","ktvslice"],"tags":["java"],"winner":false,"photo":null,"has_video":false,"like_count":1,"comment_count":0},{"class_name":"Software","name":"Essay Advisor","tagline":"Do you want to have complete control of how people distinguish you in your writing? I have something for you!","slug":"essay-advisor","url":"http://devpost.com/software/essay-advisor","members":["jbatista92"],"tags":["bluemix","ibm-watson","node.js","express.js"],"winner":false,"photo":"https://challengepost-s3-challengepost.netdna-ssl.com/photos/production/software_photos/000/297/243/datas/small.png","has_video":false,"like_count":0,"comment_count":0},{"class_name":"Software","name":"N-Tris","tagline":"tetris but with lots of pieces","slug":"n-tris","url":"http://devpost.com/software/n-tris","members":["michalwozniczka","cskin"],"tags":null,"winner":false,"photo":null,"has_video":false,"like_count":0,"comment_count":0},{"class_name":"Software","name":"Snack Track","tagline":"Created to help people burn off calories from unhealthy food","slug":"snack-track","url":"http://devpost.com/software/snack-track","members":["ungcas000","geronimo213"],"tags":["html","css","python","google-app-engine"],"winner":false,"photo":null,"has_video":false,"like_count":0,"comment_count":0},{"class_name":"Software","name":"biaSeek","tagline":"A Machine Learning algorithm to rate the amount of political bias in a given article.","slug":"political-bias-predictor","url":"http://devpost.com/software/political-bias-predictor","members":["mayu-tobin","rayraycano","ashah917","lazy784","ethanp56"],"tags":["python","html","javascript"],"winner":false,"photo":null,"has_video":false,"like_count":1,"comment_count":0},{"class_name":"Software","name":"Dodgeroni","tagline":"Dodge obstacles with Myo armband","slug":"dodgeroni","url":"http://devpost.com/software/dodgeroni","members":["joshhavens","thesomeone4","aabdellatif","rogertang"],"tags":["unity"],"winner":false,"photo":null,"has_video":false,"like_count":1,"comment_count":0},{"class_name":"Software","name":"uScheme","tagline":"Academic life on campus made easy","slug":"uscheme-xj9pu0","url":"http://devpost.com/software/uscheme-xj9pu0","members":["mtiedeman831","xk284","tumrod","michaellam","xywang"],"tags":["bluemix","python","html5","javascript"],"winner":false,"photo":null,"has_video":false,"like_count":0,"comment_count":0},{"class_name":"Software","name":"Puzzle HackTX 15","tagline":"HTML ","slug":"puzzle-hacktx-15","url":"http://devpost.com/software/puzzle-hacktx-15","members":["puzzlehacktx15"],"tags":null,"winner":false,"photo":"https://firefly-challengepost.netdna-ssl.com/usercontent/fill/242/161/cGhvdG9zL3Byb2R1Y3Rpb24vc29mdHdhcmVfdGh1bWJuYWlsX3Bob3Rvcy8wMDAvMjk3LzIyMy9kYXRhcy9vcmlnaW5hbC5wbmc=/puzzlethumb.png?signature=f373f4f2dadece7e9840c5d975897157101cfc89","has_video":false,"like_count":0,"comment_count":0},{"class_name":"Software","name":"Chorum","tagline":"We are the Github for music. We make music creation easy and collaborative.","slug":"chorum","url":"http://devpost.com/software/chorum","members":["pamelavaldes","pbeltran","canalesb93"],"tags":["parse","reactjs","swift","bootstrap","amazon-web-services","webpack","azure","html5","css3","javascript","ios9"],"winner":false,"photo":"https://challengepost-s3-challengepost.netdna-ssl.com/photos/production/software_photos/000/297/179/datas/small.png","has_video":false,"like_count":4,"comment_count":0},{"class_name":"Software","name":"BergsByBauer","tagline":"Augmented Reality with a cheap headset and a phone","slug":"bergsbybauer","url":"http://devpost.com/software/bergsbybauer","members":["bestcode","rossmiglin","abhishekprataoa","michaellangford"],"tags":["unreal-engine","html5"],"winner":false,"photo":"https://firefly-challengepost.netdna-ssl.com/usercontent/fill/242/161/cGhvdG9zL3Byb2R1Y3Rpb24vc29mdHdhcmVfdGh1bWJuYWlsX3Bob3Rvcy8wMDAvMjk3LzI5NS9kYXRhcy9vcmlnaW5hbC5KUEc=/Ross2.JPG?signature=d7bd19fbb0b485f475e86ee41eddcda04e2f47ff","has_video":true,"like_count":4,"comment_count":0},{"class_name":"Software","name":"platmus","tagline":"Music Based Visual Art","slug":"platmus","url":"http://devpost.com/software/platmus","members":["matthewdias","wlsaidhi","magical-chicken"],"tags":["javascript","html","css"],"winner":false,"photo":"https://firefly-challengepost.netdna-ssl.com/usercontent/fill/242/161/cGhvdG9zL3Byb2R1Y3Rpb24vc29mdHdhcmVfdGh1bWJuYWlsX3Bob3Rvcy8wMDAvMjk3LzExNS9kYXRhcy9vcmlnaW5hbC5wbmc=/Screenshot_2015-09-27_10.11.54.png?signature=5df76d336c1cf6f308f855d377bd73548efc4a5e","has_video":false,"like_count":3,"comment_count":0},{"class_name":"Software","name":"Jarvis_HackTX","tagline":"Just a hack","slug":"jarvis_hacktx","url":"http://devpost.com/software/jarvis_hacktx","members":["singh_sume","abhi3003","mphan4","angelx","pika411"],"tags":["ruby","html","css","javascript","coffeescript"],"winner":false,"photo":null,"has_video":false,"like_count":5,"comment_count":0},{"class_name":"Software","name":"CenaMania","tagline":"Have you ever thought \"Wow my life needs more John Cena in it\"? Well great because I have just the site for you.","slug":"hacktx-q5cgpd","url":"http://devpost.com/software/hacktx-q5cgpd","members":["bluyam"],"tags":["javascript","html","css"],"winner":false,"photo":"https://firefly-challengepost.netdna-ssl.com/usercontent/fill/242/161/cGhvdG9zL3Byb2R1Y3Rpb24vc29mdHdhcmVfdGh1bWJuYWlsX3Bob3Rvcy8wMDAvMjk3LzM4NC9kYXRhcy9vcmlnaW5hbC5naWY=/johnCenaHead2FIX.gif?signature=2d62e0159ef349fd2b72650add1cfc78a6b0635a","has_video":false,"like_count":6,"comment_count":1},{"class_name":"Software","name":"Paulo's WhatBusStopShouldIGoToTodayToOptimizeMyCommute","tagline":"Its a website that tells me which bus stop to go to in the morning so that I can save a couple minutes.","slug":"paulo-s-whatbusstopshouldigototodaytooptimizemycommute","url":"http://devpost.com/software/paulo-s-whatbusstopshouldigototodaytooptimizemycommute","members":["saned"],"tags":["html5","javascript","css","python"],"winner":false,"photo":"https://firefly-challengepost.netdna-ssl.com/usercontent/fill/242/161/cGhvdG9zL3Byb2R1Y3Rpb24vc29mdHdhcmVfdGh1bWJuYWlsX3Bob3Rvcy8wMDAvMjk3LzMxMC9kYXRhcy9vcmlnaW5hbC5qcGc=/left.jpg?signature=96fa05afb7a1a6980de2a581f1ba5a8acbfed298","has_video":false,"like_count":0,"comment_count":0},{"class_name":"Software","name":"FistPump","tagline":"Bust out your best moves, and watch it reflect in real time through colors!","slug":"fistpump","url":"http://devpost.com/software/fistpump","members":["fistpump","sagarkris"],"tags":["iphone-sdk","myo","azure","socket.io","node.js","html","visual-studio-code","express.js"],"winner":false,"photo":null,"has_video":false,"like_count":1,"comment_count":0},{"class_name":"Software","name":"ProdPing","tagline":"One app: infinite productivity","slug":"prodping","url":"http://devpost.com/software/prodping","members":["money_apper"],"tags":null,"winner":false,"photo":null,"has_video":false,"like_count":0,"comment_count":0},{"class_name":"Software","name":"HHKB Pro2 Keyboard Controller","tagline":"Sort of working start to a better, free, keyboard controller alternative","slug":"hhkb-pro2-keyboard-controller","url":"http://devpost.com/software/hhkb-pro2-keyboard-controller","members":["joelortiz"],"tags":["arm-cortex-m4f-on-a-freescale-frdmk64f","c","happy-hacking-professional-2"],"winner":false,"photo":null,"has_video":false,"like_count":0,"comment_count":0},{"class_name":"Software","name":"ShirtSwap","tagline":"Connecting the world one shirt at a time.","slug":"shirtswap-su1re9","url":"http://devpost.com/software/shirtswap-su1re9","members":["moisesholguin","kellymckinnon","eder_garza"],"tags":["java","android-studio","parse","firebase"],"winner":false,"photo":null,"has_video":false,"like_count":0,"comment_count":0},{"class_name":"Software","name":"ShareRewards","tagline":"How Cool it Would be if  we can trade our reward points to the bank social Network in a collaborative manner. ","slug":"sharerewards-zq7lfn","url":"http://devpost.com/software/sharerewards-zq7lfn","members":["prashantprakash","sunishs","himanshusoni"],"tags":["javascript","html","css","node.js","socket.io","angular.js","mongodb","capital-one","jquery","d3.js","github","python"],"winner":false,"photo":"https://challengepost-s3-challengepost.netdna-ssl.com/photos/production/software_photos/000/297/122/datas/small.png","has_video":false,"like_count":0,"comment_count":0},{"class_name":"Software","name":"Amplify","tagline":"Create a multi-speaker from Android devices","slug":"amplify","url":"http://devpost.com/software/amplify","members":["nichhk","dls10","vegetable26","jsswyrough"],"tags":["android","django","spotify"],"winner":false,"photo":null,"has_video":false,"like_count":0,"comment_count":0},{"class_name":"Software","name":"Fetch","tagline":"Access the Internet... without Internet!  Have your social media and top news just one text away at all times.","slug":"hacktx2015-m40ijc","url":"http://devpost.com/software/hacktx2015-m40ijc","members":["austinbenavides","iszfan"],"tags":["python","html","javascript","css","flask","twilio","facebook","hackernews","twitter","ngrok"],"winner":false,"photo":"https://firefly-challengepost.netdna-ssl.com/usercontent/fill/242/161/cGhvdG9zL3Byb2R1Y3Rpb24vc29mdHdhcmVfdGh1bWJuYWlsX3Bob3Rvcy8wMDAvMjk3LzEyOS9kYXRhcy9vcmlnaW5hbC5qcGc=/12062745_697986120301583_980746821_o.jpg?signature=a7a5a29bf1c45bc626a3272aef273c974e11d226","has_video":false,"like_count":2,"comment_count":0},{"class_name":"Software","name":"Divya","tagline":"An application of evolutionary algorithm for content-generation","slug":"divya-an-application-of-ea-for-content-generation","url":"http://devpost.com/software/divya-an-application-of-ea-for-content-generation","members":["jinyeom"],"tags":["golang"],"winner":false,"photo":"https://firefly-challengepost.netdna-ssl.com/usercontent/fill/242/161/cGhvdG9zL3Byb2R1Y3Rpb24vc29mdHdhcmVfdGh1bWJuYWlsX3Bob3Rvcy8wMDAvMjk3LzA4OS9kYXRhcy9vcmlnaW5hbC5wbmc=/Divya.png?signature=7aa07009fbf49bd2fd4abc6b4623c9882893a01e","has_video":false,"like_count":0,"comment_count":0},{"class_name":"Software","name":"Easel-y","tagline":"Painting made simpler","slug":"easel-y","url":"http://devpost.com/software/easel-y","members":["abiegonzalez96"],"tags":["python","c#","visual-studio","sensel"],"winner":false,"photo":"https://firefly-challengepost.netdna-ssl.com/usercontent/fill/242/161/cGhvdG9zL3Byb2R1Y3Rpb24vc29mdHdhcmVfdGh1bWJuYWlsX3Bob3Rvcy8wMDAvMjk3LzMyMC9kYXRhcy9vcmlnaW5hbC5qcGc=/canvas.jpg?signature=beeb7c00cbae233f6798e237d94d96de2e871b47","has_video":false,"like_count":0,"comment_count":0},{"class_name":"Software","name":"senpai","tagline":"Become senpai by unsubscribing from all of those annoying newsletters that want you to notice them.","slug":"senpai","url":"http://devpost.com/software/senpai","members":["xsznix"],"tags":["javascript","css","node.js","express.js","mysql","azure","contextio"],"winner":false,"photo":"https://challengepost-s3-challengepost.netdna-ssl.com/photos/production/software_photos/000/297/146/datas/small.png","has_video":false,"like_count":2,"comment_count":0},{"class_name":"Software","name":"PokePepe","tagline":"Rare pepes on the go with Pebble.","slug":"pokepepe","url":"http://devpost.com/software/pokepepe","members":["renxinhe","shaoandrew","wynd07","twistedladder","williamvwang"],"tags":["javascript","pebble","c"],"winner":false,"photo":"https://firefly-challengepost.netdna-ssl.com/usercontent/fill/242/161/cGhvdG9zL3Byb2R1Y3Rpb24vc29mdHdhcmVfdGh1bWJuYWlsX3Bob3Rvcy8wMDAvMjk3LzExNC9kYXRhcy9vcmlnaW5hbC5wbmc=/016.png?signature=0b14c8ef1941932a0efa13c933ec2c26d6d513fe","has_video":false,"like_count":8,"comment_count":2},{"class_name":"Software","name":"Tether","tagline":"A collaborative, social writing experience that combines multiple users to create story branches","slug":"hacktx-tether","url":"http://devpost.com/software/hacktx-tether","members":["jaredk3nt"],"tags":["java","android"],"winner":false,"photo":"https://firefly-challengepost.netdna-ssl.com/usercontent/fill/242/161/cGhvdG9zL3Byb2R1Y3Rpb24vc29mdHdhcmVfdGh1bWJuYWlsX3Bob3Rvcy8wMDAvMjk3LzEwMy9kYXRhcy9vcmlnaW5hbC5wbmc=/logo2_1_.png?signature=5cdf2a45944dc6fd40bc754792ef199de1871df5","has_video":false,"like_count":0,"comment_count":0},{"class_name":"Software","name":"BeeFree","tagline":"Be Free with our scheduling app!","slug":"beefree","url":"http://devpost.com/software/beefree","members":["kevinjnguyen","er1csu95"],"tags":["xcode","swift"],"winner":false,"photo":"https://firefly-challengepost.netdna-ssl.com/usercontent/fill/242/161/cGhvdG9zL3Byb2R1Y3Rpb24vc29mdHdhcmVfdGh1bWJuYWlsX3Bob3Rvcy8wMDAvMjk3LzE3My9kYXRhcy9vcmlnaW5hbC5wbmc=/icon.png?signature=88def71244665d520a8b4d4363d034ad3f1b6bdb","has_video":false,"like_count":0,"comment_count":0},{"class_name":"Software","name":"pebbleanime","tagline":"It's a MyAnimeList client for Pebble","slug":"pebbleanime","url":"http://devpost.com/software/pebbleanime","members":["asonix","balrog95","sandanzuki"],"tags":["javascript","ruby"],"winner":false,"photo":null,"has_video":false,"like_count":1,"comment_count":0},{"class_name":"Software","name":"SmashVids","tagline":"A way to sift through video game videos","slug":"smashvids","url":"http://devpost.com/software/smashvids","members":["phrayezzen"],"tags":["python","beautiful-soup"],"winner":false,"photo":null,"has_video":false,"like_count":0,"comment_count":0},{"class_name":"Software","name":"Filter.me","tagline":"Create your own image filters based on artistic style!","slug":"filter-me","url":"http://devpost.com/software/filter-me","members":["filterme","grantaclaus","abbasally5","abauer","mab5449"],"tags":["python","amazon-web-services","azure","cuda","deep-learning","machine-learning","neural-networks"],"winner":false,"photo":"https://firefly-challengepost.netdna-ssl.com/usercontent/fill/242/161/cGhvdG9zL3Byb2R1Y3Rpb24vc29mdHdhcmVfdGh1bWJuYWlsX3Bob3Rvcy8wMDAvMjk3LzA3NS9kYXRhcy9vcmlnaW5hbC5wbmc=/Interface.png?signature=c23468ba446556c414a3fbac1d5fe2416f26171f","has_video":false,"like_count":10,"comment_count":2},{"class_name":"Software","name":"Shrink Bot","tagline":"A social media network for promoting mental health","slug":"shrink-bot","url":"http://devpost.com/software/shrink-bot","members":["jonathanjao","wtedw"],"tags":["node.js","java","mongodb"],"winner":false,"photo":null,"has_video":false,"like_count":0,"comment_count":0},{"class_name":"Software","name":"RotOrNot","tagline":"an app where you judge your hotness compared to that of the UT Student Body President and VP","slug":"rotornot","url":"http://devpost.com/software/rotornot","members":["rrk22"],"tags":["java","android","android-studio"],"winner":false,"photo":"https://firefly-challengepost.netdna-ssl.com/usercontent/fill/242/161/cGhvdG9zL3Byb2R1Y3Rpb24vc29mdHdhcmVfdGh1bWJuYWlsX3Bob3Rvcy8wMDAvMjk3LzA0Ny9kYXRhcy9vcmlnaW5hbC5wbmc=/blank.png?signature=369973ff6c609e993d3790133df9a1b2d596869c","has_video":false,"like_count":0,"comment_count":0},{"class_name":"Software","name":"SpotStop","tagline":"AirBnB for parking spots","slug":"spotstop31","url":"http://devpost.com/software/spotstop31","members":["cowtongue","icontreras","jacksonhaenchen","austinbm"],"tags":["c#","powershell","css","javascript","html","asp.net"],"winner":false,"photo":null,"has_video":false,"like_count":1,"comment_count":0},{"class_name":"Software","name":"Tipsy the Drunken Bar-tending Robot","tagline":"It's a robot and its drunk. He starts sober, he reacts to sound, and he can get more drunk at the push of a button.","slug":"tipsy-the-drunken-bar-tending-robot","url":"http://devpost.com/software/tipsy-the-drunken-bar-tending-robot","members":["bermuda_ix","bolivarez9193","steeldev64"],"tags":["intel-edison","arduino","linux"],"winner":false,"photo":null,"has_video":false,"like_count":0,"comment_count":0},{"class_name":"Software","name":"ParkIt","tagline":"ParkIt guides users to their car through GPS navigation, which saves them time.","slug":"parkit-zm537c","url":"http://devpost.com/software/parkit-zm537c","members":["vishnut"],"tags":["iphone-sdk"],"winner":false,"photo":"https://firefly-challengepost.netdna-ssl.com/usercontent/fill/242/161/cGhvdG9zL3Byb2R1Y3Rpb24vc29mdHdhcmVfdGh1bWJuYWlsX3Bob3Rvcy8wMDAvMjk3LzA0Mi9kYXRhcy9vcmlnaW5hbC5wbmc=/icon-60_3x.png?signature=444b1c23ceaf2110a39ac00f65161dd03d0fd1d9","has_video":false,"like_count":0,"comment_count":0},{"class_name":"Software","name":"D2D/RotMan/50S^2","tagline":"Two tools and a game to keep Austin weird.","slug":"hacktx2015","url":"http://devpost.com/software/hacktx2015","members":["paulnguyen","austinanderson","lauraluo97","wendy001"],"tags":["javascript","html5","css3","css","html"],"winner":false,"photo":"https://firefly-challengepost.netdna-ssl.com/usercontent/fill/242/161/cGhvdG9zL3Byb2R1Y3Rpb24vc29mdHdhcmVfdGh1bWJuYWlsX3Bob3Rvcy8wMDAvMjk3LzEyOC9kYXRhcy9vcmlnaW5hbC5qcGc=/startup.jpg?signature=c8f147840ff8b096ec88b758ba4cf6bd06958fca","has_video":false,"like_count":0,"comment_count":0},{"class_name":"Software","name":"RapBattle","tagline":"Have Freestyle Rap Battles live through the internet","slug":"rapbattle","url":"http://devpost.com/software/rapbattle","members":["khanguy","brandonpearson","chrisday","brockuniera"],"tags":["jquery","node.js","go","bootstrap","javascript","ableton-live","web-audio-api"],"winner":false,"photo":null,"has_video":false,"like_count":2,"comment_count":0},{"class_name":"Software","name":"Walk","tagline":"Physical routing app for the UT Campus","slug":"walk","url":"http://devpost.com/software/walk","members":["syeluru","heyash","snehasj","jackjiang"],"tags":["javascript","html","css","jquery","google-maps"],"winner":false,"photo":"https://firefly-challengepost.netdna-ssl.com/usercontent/fill/242/161/cGhvdG9zL3Byb2R1Y3Rpb24vc29mdHdhcmVfdGh1bWJuYWlsX3Bob3Rvcy8wMDAvMjk3LzA1NS9kYXRhcy9vcmlnaW5hbC5wbmc=/walking_logo_final.png?signature=1943680f3e42e9085f22bf8f25fc4b07d9eadaab","has_video":true,"like_count":1,"comment_count":0},{"class_name":"Software","name":"BoardGameMaker","tagline":"a tool for quickly prototyping board game ideas","slug":"boardgamemaker","url":"http://devpost.com/software/boardgamemaker","members":["imporia"],"tags":["c++","bash","sfml"],"winner":false,"photo":"https://firefly-challengepost.netdna-ssl.com/usercontent/fill/242/161/cGhvdG9zL3Byb2R1Y3Rpb24vc29mdHdhcmVfdGh1bWJuYWlsX3Bob3Rvcy8wMDAvMjk3LzM3Mi9kYXRhcy9vcmlnaW5hbC5wbmc=/logo.png?signature=0a2187dfff84e651d86a96270a49239d176fbcb6","has_video":false,"like_count":0,"comment_count":0},{"class_name":"Software","name":"SnapCat","tagline":"What SnapChat should have been","slug":"snapcat","url":"http://devpost.com/software/snapcat","members":["spxrogers"],"tags":["iphone-sdk","ios","parse"],"winner":false,"photo":"https://firefly-challengepost.netdna-ssl.com/usercontent/fill/242/161/cGhvdG9zL3Byb2R1Y3Rpb24vc29mdHdhcmVfdGh1bWJuYWlsX3Bob3Rvcy8wMDAvMjk3LzAyOC9kYXRhcy9vcmlnaW5hbC5wbmc=/SnapCatBlank_180.png?signature=b703160951fd48fd54c617b644539c21dd469213","has_video":false,"like_count":0,"comment_count":0},{"class_name":"Software","name":"UT Longhorns Extra Point Simulator","tagline":"After the inspirational kick by UT's own #23 I felt that we should be able to simulate that moment for eternity.","slug":"ut-longhorns-extra-point-simulator","url":"http://devpost.com/software/ut-longhorns-extra-point-simulator","members":["anst"],"tags":null,"winner":false,"photo":"https://firefly-challengepost.netdna-ssl.com/usercontent/fill/242/161/cGhvdG9zL3Byb2R1Y3Rpb24vc29mdHdhcmVfdGh1bWJuYWlsX3Bob3Rvcy8wMDAvMjk3LzA3NC9kYXRhcy9vcmlnaW5hbC5wbmc=/Screen_Shot_2015-09-27_at_10.40.29_AM.png?signature=7b71181ec503a281b0c6c1a42fbdd7d7cbbd0f00","has_video":false,"like_count":1,"comment_count":0},{"class_name":"Software","name":"Lakitu","tagline":"management across multiple cloud storages","slug":"lakitu","url":"http://devpost.com/software/lakitu","members":["budang","carlostrevino","jordantorres"],"tags":["javascript","jquery","css","html","google-drive-api","dropbox","node.js","express.js","mongodb"],"winner":false,"photo":"https://challengepost-s3-challengepost.netdna-ssl.com/photos/production/software_photos/000/297/208/datas/small.jpg","has_video":false,"like_count":0,"comment_count":0},{"class_name":"Software","name":"Sensel Drone Control","tagline":"Remotely controlling a drone via pressure sensitive touch pad.","slug":"sensel-drone-control","url":"http://devpost.com/software/sensel-drone-control","members":["kevino5233"],"tags":["sensel","parrot","ardrone","python"],"winner":false,"photo":"https://firefly-challengepost.netdna-ssl.com/usercontent/fill/242/161/cGhvdG9zL3Byb2R1Y3Rpb24vc29mdHdhcmVfdGh1bWJuYWlsX3Bob3Rvcy8wMDAvMjk3LzA3My9kYXRhcy9vcmlnaW5hbC5wbmc=/sensel-drone-control.png?signature=337cd20d50663a5d172bbd048eb6d9a432dc3348","has_video":true,"like_count":0,"comment_count":0},{"class_name":"Software","name":"Calendarrgh!","tagline":"Calendar Productivity Power Management Tool","slug":"calendaargh","url":"http://devpost.com/software/calendaargh","members":["buzzlawless","firstimer"],"tags":["jquery","php","css","google-calendar","python","html"],"winner":false,"photo":"https://firefly-challengepost.netdna-ssl.com/usercontent/fill/242/161/cGhvdG9zL3Byb2R1Y3Rpb24vc29mdHdhcmVfdGh1bWJuYWlsX3Bob3Rvcy8wMDAvMjk3LzE4Ni9kYXRhcy9vcmlnaW5hbC5wbmc=/Ver2.png?signature=6b0c2f4a377035ea6a85fd5166f4b0d41c0b58de","has_video":false,"like_count":2,"comment_count":0},{"class_name":"Software","name":"Flora Heart-On-My-Sleeve","tagline":"A wearable \"mood t-shirt\" powered by Arduino","slug":"flora-heart-on-my-sleeve","url":"http://devpost.com/software/flora-heart-on-my-sleeve","members":["jrpeden"],"tags":["arduino","amped-pulse-sensor","c++"],"winner":false,"photo":"https://firefly-challengepost.netdna-ssl.com/usercontent/fill/242/161/cGhvdG9zL3Byb2R1Y3Rpb24vc29mdHdhcmVfdGh1bWJuYWlsX3Bob3Rvcy8wMDAvMjk3LzI5NC9kYXRhcy9vcmlnaW5hbC5KUEc=/image1.JPG?signature=fc67cc2a865ed769d9abf8443a4b339e40c3af5f","has_video":false,"like_count":1,"comment_count":0},{"class_name":"Software","name":"Drama Stock","tagline":"Stock market predictions based on Twitter beef","slug":"dramastocks","url":"http://devpost.com/software/dramastocks","members":["amandatru","yarabarla","uyiaimuyo","flamin","keithkade"],"tags":["python","html","css","flask","jquery","mongodb","ionicons","natural-language-processing"],"winner":false,"photo":"https://firefly-challengepost.netdna-ssl.com/usercontent/fill/242/161/cGhvdG9zL3Byb2R1Y3Rpb24vc29mdHdhcmVfdGh1bWJuYWlsX3Bob3Rvcy8wMDAvMjk3LzI5Mi9kYXRhcy9vcmlnaW5hbC5wbmc=/beef.png?signature=45033af3f5250d19b5b409f194ab396ea45aecaf","has_video":false,"like_count":1,"comment_count":0},{"class_name":"Software","name":"Smart Power Harvester","tagline":"The Art of Getting Power","slug":"smart-power-harvester","url":"http://devpost.com/software/smart-power-harvester","members":["bcreyes"],"tags":["java","arduino","javascript","keen.io","matlab","embedded-c","myrio"],"winner":false,"photo":null,"has_video":false,"like_count":1,"comment_count":0},{"class_name":"Software","name":"vibED","tagline":"Get vibED! Let Edison help you improve your morale and productivity through simple environmental changes!","slug":"vibed","url":"http://devpost.com/software/vibed","members":["dingwilson","jdistler","rhyno"],"tags":["intel-edison","arduino-grove-starter-kit","python","intel-xdk","bluemix","node.js","node-red","html","css","javascript","jquery","bootstrap","mongodb","swift","objective-c","ios","cocoapods","ios-charts","firebase","uikit"],"winner":false,"photo":"https://firefly-challengepost.netdna-ssl.com/usercontent/fill/242/161/cGhvdG9zL3Byb2R1Y3Rpb24vc29mdHdhcmVfdGh1bWJuYWlsX3Bob3Rvcy8wMDAvMjk3LzAzOS9kYXRhcy9vcmlnaW5hbC5wbmc=/iTunesArtwork_2x.png?signature=88f38c48e8b892e4a01aa92dcb92f4f318aefacf","has_video":false,"like_count":2,"comment_count":0},{"class_name":"Software","name":"Selfie-Automaton-Generator","tagline":"A program that generates a unique totalistic cellular automaton based on you facial features","slug":"selfie-automaton-generator-qxj90e","url":"http://devpost.com/software/selfie-automaton-generator-qxj90e","members":["ahmedalsabag","saadnajmi","jldohmann"],"tags":["mathematica","wolfram-technologies"],"winner":false,"photo":"https://firefly-challengepost.netdna-ssl.com/usercontent/fill/242/161/cGhvdG9zL3Byb2R1Y3Rpb24vc29mdHdhcmVfdGh1bWJuYWlsX3Bob3Rvcy8wMDAvMjk3LzAyNS9kYXRhcy9vcmlnaW5hbC5wbmc=/capture.png?signature=9f2997e2a8dac57cf8742078abf170a4266d7f09","has_video":false,"like_count":2,"comment_count":0},{"class_name":"Software","name":"Spotter","tagline":"Tinder for workout buddies","slug":"spotter-j9534f","url":"http://devpost.com/software/spotter-j9534f","members":["hudsonmd","hudsonmatthew","sonambenakatti","jenniferrethi","mariasalazar","juvariyalat"],"tags":["ionic","angular.js","azure"],"winner":false,"photo":"https://challengepost-s3-challengepost.netdna-ssl.com/photos/production/software_photos/000/297/021/datas/small.png","has_video":false,"like_count":6,"comment_count":0},{"class_name":"Software","name":"Froomie","tagline":"The comprehensive solution to organizing roommate chores and shopping.","slug":"tindeed","url":"http://devpost.com/software/tindeed","members":["scarolyn","blitzbattalion","kevinrtai"],"tags":["java","bluemix"],"winner":false,"photo":"https://challengepost-s3-challengepost.netdna-ssl.com/photos/production/software_photos/000/297/356/datas/small.jpg","has_video":false,"like_count":3,"comment_count":0},{"class_name":"Software","name":"Volume Profile Scheduler","tagline":"An app for scheduling volume profile changes within a simple and user friendly interface.","slug":"volume-profile-scheduler","url":"http://devpost.com/software/volume-profile-scheduler","members":["jhillkwaj","jackmann"],"tags":["android-studio","java"],"winner":false,"photo":"https://firefly-challengepost.netdna-ssl.com/usercontent/fill/242/161/cGhvdG9zL3Byb2R1Y3Rpb24vc29mdHdhcmVfdGh1bWJuYWlsX3Bob3Rvcy8wMDAvMjk3LzAyMC9kYXRhcy9vcmlnaW5hbC5wbmc=/ic_alarm_black_24dp.png?signature=81543d6f8eb16a60f9ab82aee7c046d5d39b7e43","has_video":false,"like_count":0,"comment_count":0},{"class_name":"Software","name":"Butterfly","tagline":"A data-driven approach to improving your presentation skills","slug":"butterfly-yw2lsn","url":"http://devpost.com/software/butterfly-yw2lsn","members":["theonlyjeff2","jbirdwell"],"tags":["ibm-watson","keen.io","node.js","bluemix","express.js","jquery","bootstrap","jade","npm","javascript","socket.io"],"winner":false,"photo":"https://firefly-challengepost.netdna-ssl.com/usercontent/fill/242/161/cGhvdG9zL3Byb2R1Y3Rpb24vc29mdHdhcmVfdGh1bWJuYWlsX3Bob3Rvcy8wMDAvMjk3LzIyMi9kYXRhcy9vcmlnaW5hbC5wbmc=/butterfly.png?signature=04ee2bdf222fd47afedf86856fa39fb3e54b3535","has_video":false,"like_count":0,"comment_count":0},{"class_name":"Software","name":"Twittify","tagline":"Creates a Spotify playlist based on tweets","slug":"twitify","url":"http://devpost.com/software/twitify","members":["amro","antrodriguez","victormaes"],"tags":["node.js","twitter","spotify","express.js"],"winner":false,"photo":"https://firefly-challengepost.netdna-ssl.com/usercontent/fill/242/161/cGhvdG9zL3Byb2R1Y3Rpb24vc29mdHdhcmVfdGh1bWJuYWlsX3Bob3Rvcy8wMDAvMjk3LzEwNS9kYXRhcy9vcmlnaW5hbC5qcGc=/twitter-spotify.jpg?signature=e2546006c091c57ad07d4baf7757f4b9d6d47af4","has_video":false,"like_count":3,"comment_count":0},{"class_name":"Software","name":"sonicDoom","tagline":"Doom's too easy, because you can see. But what if you only had sonar? You'd probably die, but it'd be fun.","slug":"sonicdoom","url":"http://devpost.com/software/sonicdoom","members":["sboerwinkle"],"tags":["c","chocolate-doom"],"winner":false,"photo":"https://firefly-challengepost.netdna-ssl.com/usercontent/fill/242/161/cGhvdG9zL3Byb2R1Y3Rpb24vc29mdHdhcmVfdGh1bWJuYWlsX3Bob3Rvcy8wMDAvMjk3LzIwNS9kYXRhcy9vcmlnaW5hbC5wbmc=/sonicDoomIcon.png?signature=384a84bbe9097cba19bebd7038854965d4e98a15","has_video":false,"like_count":0,"comment_count":0},{"class_name":"Software","name":"air-guitar-hero","tagline":"play air guitar using your phone for frets and a pebble watch to strum.","slug":"air-guitar-hero","url":"http://devpost.com/software/air-guitar-hero","members":["samm81","arknave","agibner","paulchoi","jeversmann"],"tags":["node.js","android","frets-on-fire","pebble","tears","blood","sweat"],"winner":false,"photo":"https://firefly-challengepost.netdna-ssl.com/usercontent/fill/242/161/cGhvdG9zL3Byb2R1Y3Rpb24vc29mdHdhcmVfdGh1bWJuYWlsX3Bob3Rvcy8wMDAvMjk2Lzk4OS9kYXRhcy9vcmlnaW5hbC5qcGc=/hqdefault.jpg?signature=46e42012b5665a2073a3a971700d68ff103ba55e","has_video":false,"like_count":2,"comment_count":0},{"class_name":"Software","name":"Turbulent Giggle","tagline":"Gesture Controlled Tetris","slug":"turbulent-giggle","url":"http://devpost.com/software/turbulent-giggle","members":["quangmire","williewillus","souvik1997","josemagana","masonsbro"],"tags":["java","myo","libgdx"],"winner":false,"photo":"https://challengepost-s3-challengepost.netdna-ssl.com/photos/production/software_photos/000/296/987/datas/small.png","has_video":false,"like_count":0,"comment_count":0},{"class_name":"Software","name":"Get High","tagline":"Toss your phone higher to get a higher score.","slug":"get-high","url":"http://devpost.com/software/get-high","members":["tnarla","vidhuappalaraju"],"tags":["swift"],"winner":false,"photo":"https://challengepost-s3-challengepost.netdna-ssl.com/photos/production/software_photos/000/296/977/datas/small.PNG","has_video":false,"like_count":1,"comment_count":1},{"class_name":"Software","name":"Scribe","tagline":"Find exactly where in your textbook your lecture is referring to while you watch!","slug":"scribe-pdl2zf","url":"http://devpost.com/software/scribe-pdl2zf","members":["shaoandrew","renxinhe","twistedladder","wynd07","williamvwang"],"tags":["java","python","javascript","html","css","bluemix","azure"],"winner":false,"photo":"https://firefly-challengepost.netdna-ssl.com/usercontent/fill/242/161/cGhvdG9zL3Byb2R1Y3Rpb24vc29mdHdhcmVfdGh1bWJuYWlsX3Bob3Rvcy8wMDAvMjk2Lzk4Ni9kYXRhcy9vcmlnaW5hbC5wbmc=/ScribeChrome.png?signature=c76f6d1a63b5ddbeb7a64bfa53e3c7dcda981ddf","has_video":true,"like_count":3,"comment_count":0},{"class_name":"Software","name":"HackTX Is Awesome!","tagline":"HackTX is a place to learn","slug":"hacktx-is-awesome","url":"http://devpost.com/software/hacktx-is-awesome","members":["rohitdatta"],"tags":["hack","swift","java"],"winner":false,"photo":null,"has_video":true,"like_count":0,"comment_count":0},{"class_name":"Software","name":"iCan","tagline":"An android app that does recycling statistics and pits friends against each other in order to encourage recycling","slug":"ican","url":"http://devpost.com/software/ican","members":["thepaperpilot","mivillarr","brianqvpham","alimaredia","neoleo"],"tags":["java"],"winner":false,"photo":"https://firefly-challengepost.netdna-ssl.com/usercontent/fill/242/161/cGhvdG9zL3Byb2R1Y3Rpb24vc29mdHdhcmVfdGh1bWJuYWlsX3Bob3Rvcy8wMDAvMjk2Lzk4MS9kYXRhcy9vcmlnaW5hbC5wbmc=/iCan.png?signature=1371a8f530cf1fdf43bdcc60199818ff3f52675f","has_video":false,"like_count":0,"comment_count":0},{"class_name":"Software","name":"Wreck it Rotman","tagline":"A Tinder like app to swipe on campus related issues that students may have.  Like removing the Jefferson D statue.","slug":"wreck-it-rotman","url":"http://devpost.com/software/wreck-it-rotman","members":["tomasro27","franklong1"],"tags":["android","parse"],"winner":false,"photo":"https://firefly-challengepost.netdna-ssl.com/usercontent/fill/242/161/cGhvdG9zL3Byb2R1Y3Rpb24vc29mdHdhcmVfdGh1bWJuYWlsX3Bob3Rvcy8wMDAvMjk2Lzk5OS9kYXRhcy9vcmlnaW5hbC5qcGc=/12072714_909903865751993_6756114549675081309_n.jpg?signature=870b3aca046cd371e08d04cc236d092e207fa904","has_video":false,"like_count":2,"comment_count":1},{"class_name":"Software","name":"VA","tagline":"Audio Visualizer that uses the Spotify API","slug":"va","url":"http://devpost.com/software/va","members":["vatyx","shuklaswag","alanma"],"tags":["flask","three.js","spotify","angular.js"],"winner":false,"photo":"https://firefly-challengepost.netdna-ssl.com/usercontent/fill/242/161/cGhvdG9zL3Byb2R1Y3Rpb24vc29mdHdhcmVfdGh1bWJuYWlsX3Bob3Rvcy8wMDAvMjk2Lzk5NC9kYXRhcy9vcmlnaW5hbC5qcGc=/12053326_1051817668161816_550493769_n.jpg?signature=a73637c7daa1f3ebe5d5a272d256a4ac87fddff3","has_video":false,"like_count":3,"comment_count":2},{"class_name":"Software","name":"centrifuge","tagline":"Try to predict which side the rolling ball will hit next. ","slug":"centrifuge","url":"http://devpost.com/software/centrifuge","members":["mlaux"],"tags":["javascript","html","css"],"winner":false,"photo":null,"has_video":false,"like_count":0,"comment_count":0},{"class_name":"Software","name":"NaturalMusic","tagline":"Compose music in the most natural way.","slug":"naturalmusic","url":"http://devpost.com/software/naturalmusic","members":["claudewang"],"tags":["python"],"winner":false,"photo":null,"has_video":false,"like_count":0,"comment_count":0},{"class_name":"Software","name":"image reCognition","tagline":"Searching images by their content.","slug":"image-recognition","url":"http://devpost.com/software/image-recognition","members":["bradyzhou","jmpenaranda","haleyowen","cameronreynoldson"],"tags":["flask","jquery","elasticsearch","python","javascript"],"winner":false,"photo":"https://challengepost-s3-challengepost.netdna-ssl.com/photos/production/software_photos/000/296/996/datas/small.png","has_video":false,"like_count":1,"comment_count":0},{"class_name":"Software","name":"MatchMakr","tagline":"A team managing service for team leaders to organize player's throughout the sports season","slug":"matchmakr","url":"http://devpost.com/software/matchmakr","members":["kaveet","brandonthedrummerguy","bblok","jitoquinto","jusunglee"],"tags":["php","mysql","jquery","javascript"],"winner":false,"photo":"https://firefly-challengepost.netdna-ssl.com/usercontent/fill/242/161/cGhvdG9zL3Byb2R1Y3Rpb24vc29mdHdhcmVfdGh1bWJuYWlsX3Bob3Rvcy8wMDAvMjk3LzIyNC9kYXRhcy9vcmlnaW5hbC5wbmc=/thingy.png?signature=f5ef9769b95c2aafa7000c0414dcf7bb2833eb03","has_video":false,"like_count":2,"comment_count":0},{"class_name":"Software","name":"SenselNotebook","tagline":"#bluetooth #AndroidApp #Sensel #trackPad #mobileNoteTakingApp","slug":"senselnotebook","url":"http://devpost.com/software/senselnotebook","members":["jenny350026","yuchia"],"tags":["python","java","android-studio","bluetooth","pycharm","eclipse"],"winner":false,"photo":null,"has_video":false,"like_count":2,"comment_count":0},{"class_name":"Software","name":"SColleged","tagline":"A College Student Schedule-based Social Network app","slug":"socialcollegeschedule","url":"http://devpost.com/software/socialcollegeschedule","members":["thecreedo"],"tags":["java","xml","parse","android"],"winner":false,"photo":"https://challengepost-s3-challengepost.netdna-ssl.com/photos/production/software_photos/000/297/502/datas/small.png","has_video":false,"like_count":0,"comment_count":0},{"class_name":"Software","name":"Pebble Pong","tagline":"A Pong game for your Pebble","slug":"pebble-pong-cb4wng","url":"http://devpost.com/software/pebble-pong-cb4wng","members":["pandepik"],"tags":["c"],"winner":false,"photo":"https://challengepost-s3-challengepost.netdna-ssl.com/photos/production/software_photos/000/296/985/datas/small.jpg","has_video":false,"like_count":0,"comment_count":0},{"class_name":"Software","name":"Pokecruiter","tagline":"An android app that poses CS interview questions styled as a pokemon battle.","slug":"pokecruiter","url":"http://devpost.com/software/pokecruiter","members":["kyubifire","saned","frontexas"],"tags":["java","android","python","json"],"winner":false,"photo":"https://challengepost-s3-challengepost.netdna-ssl.com/photos/production/software_photos/000/297/088/datas/small.png","has_video":false,"like_count":0,"comment_count":0},{"class_name":"Software","name":"TableTower","tagline":"A desk sized version of the UT Tower, which mirrors the lighting configuration of the real thing in real time.","slug":"tabletower","url":"http://devpost.com/software/tabletower","members":["kassandrasmith"],"tags":["arduino","led","python","azure"],"winner":false,"photo":"https://firefly-challengepost.netdna-ssl.com/usercontent/fill/242/161/cGhvdG9zL3Byb2R1Y3Rpb24vc29mdHdhcmVfdGh1bWJuYWlsX3Bob3Rvcy8wMDAvMjk3LzMxMy9kYXRhcy9vcmlnaW5hbC5qcGc=/12020092_10206869301725160_1543192456_o.jpg?signature=32bddbb6211f96d9c8dd84fe71a50cb721753cec","has_video":true,"like_count":0,"comment_count":0},{"class_name":"Software","name":"Deep Drizzy","tagline":"A Long Short Term Memory Char Recurent Neural Network that can rap like Drake, and drop fire mixtapes.","slug":"deepdrizzy","url":"http://devpost.com/software/deepdrizzy","members":["ericrincon","zaldaroga"],"tags":["python","lua","java","torch7","ivona"],"winner":false,"photo":null,"has_video":false,"like_count":0,"comment_count":1},{"class_name":"Software","name":"UT : TU","tagline":"UT: Turn up","slug":"ut-tu","url":"http://devpost.com/software/ut-tu","members":["emzatos"],"tags":["android-studio","java"],"winner":false,"photo":null,"has_video":false,"like_count":1,"comment_count":0},{"class_name":"Software","name":"Schedule Ninja","tagline":"Automated meeting scheduling","slug":"schedule-ninja","url":"http://devpost.com/software/schedule-ninja","members":["samueltaylor","evan_green"],"tags":["php","azure","context.io","google-calendar","bootstrap","sendgrid"],"winner":false,"photo":"https://challengepost-s3-challengepost.netdna-ssl.com/photos/production/software_photos/000/297/144/datas/small.png","has_video":false,"like_count":1,"comment_count":0},{"class_name":"Software","name":"OneHealth","tagline":"Personalized medication tracker","slug":"onehealth","url":"http://devpost.com/software/onehealth","members":["ralphie9224","rebeccatscho","tran_fong1991","jgonz259"],"tags":["java","android","android-studio","context.io","node.js","bluemix","heart","photoshop","express.js"],"winner":false,"photo":null,"has_video":false,"like_count":4,"comment_count":0},{"class_name":"Software","name":"lace-wish","tagline":"wishlist matchmaking website for Japanese street fashions","slug":"lace-wish","url":"http://devpost.com/software/lace-wish","members":["lilyessence"],"tags":["ruby","html","css","coffeescript","javascript"],"winner":false,"photo":"https://firefly-challengepost.netdna-ssl.com/usercontent/fill/242/161/cGhvdG9zL3Byb2R1Y3Rpb24vc29mdHdhcmVfdGh1bWJuYWlsX3Bob3Rvcy8wMDAvMjk3LzA2OS9kYXRhcy9vcmlnaW5hbC5qcGc=/6f3bc1ce4b76aee3e6c4b44e76e.jpg?signature=baa003f06193db089be5100be1116ecc8cbe4e80","has_video":false,"like_count":0,"comment_count":0},{"class_name":"Software","name":"Spitfire","tagline":"It's the real-time personal lyrical assistant for rising freestyle gods","slug":"spitfire","url":"http://devpost.com/software/spitfire","members":["hihowareyou","nshanmugham","micahp","rahuljaisimha"],"tags":["node.js","browserify","github","webkit","webkit-speech-recognition-api"],"winner":false,"photo":"https://firefly-challengepost.netdna-ssl.com/usercontent/fill/242/161/cGhvdG9zL3Byb2R1Y3Rpb24vc29mdHdhcmVfdGh1bWJuYWlsX3Bob3Rvcy8wMDAvMjk3LzA2OC9kYXRhcy9vcmlnaW5hbC5wbmc=/Screen_Shot_2015-09-27_at_10.39.21_AM.png?signature=b7d1be51cd27bb70045f0bdad9700a69358e5775","has_video":true,"like_count":6,"comment_count":2},{"class_name":"Software","name":"DoDates - Due Dates Made Easy ","tagline":"Upload any pdf or photograph any dates and automatically add them, and their information, to calendar and to-do list ","slug":"dodates","url":"http://devpost.com/software/dodates","members":["elliottmorris","jemrrs","luisfpaolo","tylerhester","carolineshi","gttarun"],"tags":["python","azure","django","sqlite","tesseract","ocr","iphone-sdk","ios","swift-2"],"winner":false,"photo":"https://firefly-challengepost.netdna-ssl.com/usercontent/fill/242/161/cGhvdG9zL3Byb2R1Y3Rpb24vc29mdHdhcmVfdGh1bWJuYWlsX3Bob3Rvcy8wMDAvMjk3LzMwNy9kYXRhcy9vcmlnaW5hbC5wbmc=/iTunesArtwork_2x.png?signature=b3127d5c409b7b22663bc8c1ab219673c6851173","has_video":false,"like_count":9,"comment_count":3}]